from_stop,to_stop,number_of_trips,average_trip_time
1800,2788,646,178.14241486068113
1802,5268,477,60.0
1803,7747,229,120.0
1804,1805,1112,60.0
1805,1806,1112,47.077338129496404
1806,1807,1112,42.922661870503596
1807,2389,1112,179.24460431654677
1900,2544,490,57.55102040816327
1901,2546,478,173.72384937238493
1902,2487,589,62.03735144312394
1903,1904,855,60.0
1904,1905,855,30.035087719298247
1905,2579,855,59.96491228070175
1906,1907,855,49.824561403508774
1907,1908,855,60.0
1908,1909,855,40.21052631578947
1909,7980,855,59.96491228070175
1913,1914,857,60.0
1914,1972,857,59.89498249708285
1917,1918,481,60.0
1918,1919,481,59.937629937629936
1919,1920,478,65.02092050209205
1919,1962,3,120.0
1920,1921,478,60.0
1921,1962,478,60.0
1925,1964,481,98.41995841995842
1926,1927,481,60.0
1927,2542,481,59.937629937629936
1928,1929,507,37.8698224852071
1929,1930,507,54.201183431952664
1930,1970,507,60.0
1931,9551,808,61.78217821782178
1932,4142,490,121.83673469387755
1933,1934,372,30.0
1934,1935,372,60.0
1935,3704,372,60.0
1936,1937,373,45.361930294906166
1937,1938,373,44.71849865951743
1938,1939,373,60.0
1939,1940,373,30.0
1940,9276,373,60.160857908847184
1941,2533,845,68.52071005917159
1942,1954,846,119.8581560283688
1943,1956,846,119.8581560283688
1944,1925,481,81.20582120582121
1945,1965,481,60.0
1946,1947,844,86.37440758293839
1947,2550,844,60.0
1948,1941,845,60.0
1949,1950,846,55.709219858156025
1950,1951,846,34.219858156028366
1951,1952,846,60.0
1952,1953,846,30.0
1953,1942,846,59.9290780141844
1954,2584,846,31.170212765957448
1955,2585,846,59.9290780141844
1956,7967,846,30.0
1957,1975,556,54.388489208633096
1958,2860,556,36.960431654676256
1959,1960,556,61.618705035971225
1960,4713,556,164.13669064748203
1962,1963,481,112.14137214137214
1963,1944,481,60.0
1964,2641,481,81.14345114345114
1965,1966,481,119.87525987525987
1966,1967,481,60.0
1967,1968,481,40.91476091476091
1968,1969,481,97.79625779625779
1969,1926,481,81.82952182952182
1970,2380,507,36.094674556213015
1972,1973,857,60.0
1973,2647,857,30.0
1974,1976,854,60.0
1975,1958,556,60.0
1976,2419,854,60.0
1977,9474,865,111.95375722543352
1978,3932,55,360.0
1980,9626,135,60.0
1981,1993,135,30.0
1982,1983,135,120.0
1983,1984,135,60.0
1984,1985,135,60.0
1985,1986,135,120.0
1986,1987,135,60.0
1987,1988,135,60.0
1988,1989,135,120.0
1989,1992,135,60.0
1990,4144,135,60.0
1991,1981,135,120.0
1992,1990,135,60.0
1993,1982,135,60.0
1996,1996,261,30.0
1996,2692,348,42.5
1998,7448,1428,47.247899159663866
2019,3652,353,425.09915014164307
2019,5853,807,60.0
2019,6373,462,610.1298701298701
2019,9937,939,60.2555910543131
2020,3785,1,120.0
2020,5639,370,30.0
2021,2471,1,120.0
2021,4289,370,91.62162162162163
2024,5938,576,112.8125
2027,5705,1,660.0
2028,2603,364,74.83516483516483
2028,5783,3,1440.0
2029,3445,386,43.601036269430054
2029,3688,2,30.0
2030,4567,1034,209.12959381044487
2031,2057,441,33.46938775510204
2032,2033,2,45.0
2033,2034,1,60.0
2033,2094,1,60.0
2034,2061,1,60.0
2035,2036,3,50.0
2036,2037,3,60.0
2037,2047,3,60.0
2038,2099,469,60.0
2039,2058,3,40.0
2042,6670,398,77.48743718592965
2047,2048,443,33.86004514672686
2048,2049,442,59.932126696832576
2048,2050,1,120.0
2049,2050,442,56.4027149321267
2050,2051,443,33.589164785553045
2051,2052,443,60.0
2052,2053,443,30.20316027088036
2053,2034,1,60.0
2053,2094,442,119.72850678733032
2054,2076,369,45.203252032520325
2055,2032,1,60.0
2055,2038,469,42.47334754797441
2056,2055,470,62.04255319148936
2057,2032,1,60.0
2057,2047,440,56.52272727272727
2058,2035,3,60.0
2059,2194,469,43.43283582089552
2061,2078,1,30.0
2062,2197,439,33.14350797266515
2063,2065,1,60.0
2063,2081,378,176.1904761904762
2063,2943,469,244.47761194029852
2063,5930,2,1260.0
2064,2054,369,89.59349593495935
2064,2062,439,56.85649202733485
2065,2943,1,180.0
2065,8840,1,1320.0
2066,2067,470,58.97872340425532
2067,2068,470,55.53191489361702
2068,2069,470,35.48936170212766
2069,2070,470,60.0
2070,2056,470,54.51063829787234
2073,2194,386,89.53367875647669
2076,3493,808,73.88613861386139
2078,2063,850,61.129411764705885
2079,2080,370,60.0
2080,2064,369,30.40650406504065
2080,2065,1,60.0
2080,9501,1,420.0
2081,8176,380,60.0
2082,2083,1181,46.51143099068586
2083,2078,378,127.46031746031746
2083,2092,439,113.02961275626424
2083,3457,364,91.64835164835165
2084,7567,438,60.0
2085,9774,2,60.0
2088,2495,365,53.67123287671233
2089,2090,365,43.97260273972603
2090,3454,364,60.0
2090,4438,1,120.0
2091,9915,968,119.6900826446281
2092,2093,439,30.0
2093,2031,439,120.0
2094,2095,807,43.680297397769515
2094,3424,1,60.0
2095,2427,1,840.0
2095,7026,1,60.0
2095,7252,805,60.0
2096,2097,857,59.47491248541424
2097,2098,469,43.43283582089552
2097,3443,386,86.42487046632124
2098,2066,469,61.91897654584222
2099,2193,469,67.03624733475479
2112,2113,446,60.0
2113,2114,446,59.39461883408072
2114,2115,446,30.605381165919283
2115,2171,442,60.0
2115,3502,4,30.0
2116,3604,6,50.0
2118,2372,3,1200.0
2118,2738,433,113.76443418013857
2119,2120,435,30.0
2120,2121,435,60.0
2121,2122,435,30.0
2122,8761,435,60.0
2123,2124,583,63.087478559176674
2124,2125,583,54.288164665523155
2125,2126,583,60.0
2126,2127,583,60.0
2127,9747,583,60.0
2128,2132,195,30.153846153846153
2129,2130,195,30.76923076923077
2130,2131,195,59.38461538461539
2131,2128,195,60.0
2132,2133,195,60.0
2133,2134,195,60.0
2134,2135,195,60.0
2135,9849,191,30.157068062827225
2135,9864,4,60.0
2148,6776,369,60.0
2149,8893,388,117.68041237113403
2150,9353,383,120.0
2151,3533,379,101.00263852242745
2152,9883,302,107.28476821192054
2153,9886,447,120.0
2155,2156,125,60.0
2156,7390,125,60.0
2157,6292,120,60.0
2158,2157,120,45.0
2164,7039,2,1200.0
2165,3882,538,48.90334572490706
2168,5678,439,46.94760820045558
2170,2172,457,44.37636761487965
2171,3603,442,30.0
2172,2173,461,45.748373101952275
2173,2174,461,60.26030368763558
2174,2175,461,54.98915401301518
2175,2363,461,49.26247288503254
2176,2170,457,49.562363238512035
2177,2178,55,43.63636363636363
2178,1800,646,195.60371517027863
2178,3743,373,316.56836461126005
2179,8270,60,55.0
2180,2179,60,47.5
2180,8271,655,130.90076335877862
2180,9812,321,60.0
2181,5855,807,48.47583643122677
2183,2184,156,95.0
2183,2273,96,660.0
2184,2366,156,60.0
2185,2192,156,180.0
2186,2367,96,60.0
2187,2368,252,60.0
2188,2186,96,115.625
2190,2188,96,120.0
2191,2295,252,92.14285714285714
2192,9675,156,120.0
2193,2059,469,93.13432835820896
2194,2195,855,60.0
2195,3494,855,60.0
2196,2078,471,54.5859872611465
2197,2076,439,60.0
2198,3491,415,60.0
2199,3416,4,60.0
2201,2202,562,30.106761565836297
2202,2203,562,60.1067615658363
2203,2204,562,60.0
2204,2215,4,240.0
2204,2222,557,60.0
2204,2246,1,180.0
2205,2206,558,60.0
2206,2207,558,41.29032258064516
2207,2208,558,56.774193548387096
2208,2661,558,56.18279569892473
2211,2212,558,46.02150537634409
2212,2213,1,60.0
2212,2711,557,44.54219030520646
2213,2214,1,30.0
2214,9904,1,1680.0
2215,2216,4,60.0
2216,2217,4,45.0
2217,2218,4,90.0
2218,2219,4,60.0
2219,3574,4,60.0
2222,2223,557,30.0
2223,2714,557,60.0
2234,3392,655,72.82442748091603
2234,4583,628,138.43949044585986
2234,6334,650,53.76923076923077
2239,2252,2,30.0
2240,2241,559,106.04651162790698
2241,2242,560,67.5
2242,2243,560,56.25
2243,3625,3,100.0
2243,5830,557,82.62118491921005
2245,2443,411,59.92700729927007
2246,2205,558,120.0
2246,2500,1,120.0
2248,2249,943,45.97030752916225
2249,2250,557,37.27109515260323
2249,4737,386,60.0
2250,8512,597,59.246231155778894
2250,9393,557,55.69120287253142
2252,2240,2,120.0
2253,2569,461,93.44902386117137
2254,9417,438,120.0
2255,3796,531,62.93785310734463
2255,3798,400,69.0
2256,2257,858,60.0
2257,2258,858,59.86013986013986
2258,2259,858,30.13986013986014
2259,2260,858,59.86013986013986
2260,2261,858,34.16083916083916
2261,2581,1,120.0
2261,2633,857,111.4585764294049
2265,2269,1,30.0
2267,3704,318,60.0
2268,3532,305,106.22950819672131
2269,2270,1,60.0
2270,2271,1,60.0
2271,2272,1,30.0
2272,8139,1,60.0
2273,9632,2984,55.43565683646113
2274,9676,1034,200.88974854932303
2275,4713,490,132.85714285714286
2276,2277,502,120.0
2277,2278,502,56.65338645418327
2278,2279,502,43.80478087649402
2279,9068,502,113.30677290836654
2280,2281,505,42.83168316831683
2281,2282,505,73.06930693069307
2282,7724,505,150.8910891089109
2286,9604,683,60.0
2287,2378,507,39.053254437869825
2288,9554,432,48.958333333333336
2289,2290,847,60.0
2290,7925,847,59.89374262101535
2291,2293,556,60.0
2291,4668,96,60.0
2292,2473,712,203.25842696629215
2293,2294,1046,53.489483747609945
2294,2275,490,185.51020408163265
2294,2860,556,180.0
2295,2369,252,87.85714285714286
2296,2183,252,157.14285714285714
2297,2407,478,60.0
2297,2408,1674,60.0
2299,2180,1036,226.21621621621622
2300,2812,1206,60.0
2301,8887,865,129.84971098265896
2302,3512,2,960.0
2302,3619,859,51.89755529685681
2302,9499,2,60.0
2302,9946,1,120.0
2303,2400,2,720.0
2303,3588,865,162.10404624277456
2306,7820,288,255.625
2308,6838,830,42.903614457831324
2309,8051,576,88.125
2311,2312,321,104.11214953271028
2312,2853,321,30.0
2313,4378,364,121.15384615384616
2313,6175,321,60.0
2314,2315,321,120.0
2315,2316,321,44.953271028037385
2316,2317,321,60.0
2317,2318,321,66.54205607476635
2318,7688,321,60.0
2319,2320,321,60.0
2320,7274,321,120.0
2321,2322,321,30.0
2322,2323,321,31.869158878504674
2323,2324,321,60.0
2324,2343,321,60.0
2325,2326,318,60.0
2326,2327,318,30.0
2327,7606,318,60.0
2328,2329,78,120.0
2329,2604,755,61.58940397350993
2329,7270,318,60.943396226415096
2330,2331,318,31.41509433962264
2331,2332,318,117.16981132075472
2332,2333,318,60.0
2333,2334,318,31.41509433962264
2334,2335,318,120.0
2335,2336,318,60.0
2336,2337,318,60.0
2337,2338,318,60.0
2338,2339,318,50.56603773584906
2339,2340,318,78.86792452830188
2340,2341,318,50.56603773584906
2341,2342,318,58.58490566037736
2341,6192,457,60.0
2342,2178,318,101.13207547169812
2343,4153,321,60.0
2347,1996,87,60.0
2348,4421,832,47.05528846153846
2349,8032,147,68.16326530612245
2350,5394,933,58.71382636655949
2350,6846,890,120.0
2363,2500,2,720.0
2363,3625,457,219.12472647702407
2363,9904,2,1500.0
2366,2185,156,60.0
2367,2187,96,60.0
2368,2191,252,120.0
2369,2370,252,46.07142857142857
2370,2296,252,60.0
2371,3881,497,60.0
2372,3599,3,1320.0
2372,6949,2,60.0
2373,2897,372,60.0
2373,4097,394,60.0
2374,2419,844,60.0
2374,6351,2,2280.0
2375,1903,849,60.0
2376,9439,890,60.0
2377,9078,15,60.0
2378,2549,507,59.112426035502956
2380,2382,507,54.201183431952664
2382,2383,507,56.74556213017752
2383,9549,507,60.0
2384,1804,1112,61.34892086330935
2389,1959,556,66.90647482014388
2389,2274,556,60.0
2392,7557,490,537.0612244897959
2397,8501,125,30.0
2398,8497,125,60.0
2399,8280,120,60.0
2400,2302,2,1200.0
2400,3937,2,1080.0
2401,2402,369,60.0
2402,6760,369,30.0
2403,2404,317,46.08832807570978
2404,2405,317,56.68769716088328
2405,3719,317,47.22397476340694
2406,1946,844,60.0
2406,2410,848,60.0
2407,2412,1698,60.0
2407,2529,478,185.64853556485355
2408,2409,1692,60.0
2409,2406,1692,72.55319148936171
2410,2375,848,60.0
2411,2421,1698,66.32508833922262
2412,2413,652,63.22085889570552
2412,2415,2176,60.0
2413,2472,652,58.38957055214724
2414,2415,712,60.0
2415,2273,2888,408.4903047091413
2416,9071,502,40.45816733067729
2417,9073,505,48.35643564356435
2418,2432,347,478.61671469740634
2418,2656,572,158.7062937062937
2419,2411,1698,60.0
2420,3974,497,60.0
2421,2407,1698,93.42756183745583
2423,6021,489,60.0
2424,2605,858,49.65034965034965
2425,2426,494,60.0
2426,6451,494,30.0
2427,2034,2,2400.0
2428,3570,140,120.0
2428,3625,1,120.0
2429,3362,147,178.3673469387755
2430,8676,319,120.0
2430,9138,315,153.33333333333334
2431,3896,352,469.09090909090907
2431,9934,596,125.53691275167785
2432,3393,919,64.96191512513602
2433,8355,644,129.7826086956522
2434,2890,348,512.7586206896551
2434,6377,1230,229.41463414634146
2436,2438,5,240.0
2436,9963,10,180.0
2437,4910,10,570.0
2437,9934,5,180.0
2438,9937,5,180.0
2439,2440,409,60.0
2440,2441,409,60.0
2441,2442,411,43.57664233576642
2442,2245,411,92.7007299270073
2443,2444,409,43.56968215158924
2443,8014,2,120.0
2444,2445,409,60.0
2445,2446,409,60.0
2446,2447,409,60.0
2447,9689,409,30.0
2448,4418,1,660.0
2449,9684,2,45.0
2450,2717,173,48.72832369942196
2451,7578,770,393.27272727272725
2452,3428,170,120.0
2453,2454,169,30.355029585798817
2454,2462,166,180.0
2454,2467,3,60.0
2455,2459,608,59.75328947368421
2456,2450,171,74.03508771929825
2456,2467,434,60.69124423963134
2457,2456,605,57.768595041322314
2458,9773,579,251.29533678756476
2459,2463,608,34.983552631578945
2460,2461,444,178.64864864864865
2461,2450,2,60.0
2461,2462,442,60.0
2462,2455,608,59.25986842105263
2463,2464,608,59.25986842105263
2464,9021,608,35.42763157894737
2465,2466,605,60.0
2465,2475,581,30.0
2466,2457,605,32.231404958677686
2467,2468,437,37.00228832951945
2468,6788,3,60.0
2468,9773,434,226.4516129032258
2469,2498,616,198.5064935064935
2469,6330,421,60.0
2470,6909,416,43.77403846153846
2471,8611,1,30.0
2472,2521,652,50.84355828220859
2473,2522,712,44.831460674157306
2474,2904,1461,60.0
2475,6787,581,60.0
2476,2398,125,93.6
2477,2452,166,56.3855421686747
2477,3423,3,120.0
2478,2172,4,60.0
2478,3929,481,36.86070686070686
2480,3904,414,92.46376811594203
2481,8672,416,43.84615384615385
2482,8064,421,43.53919239904988
2483,2469,450,60.0
2484,2483,450,51.666666666666664
2485,3525,450,60.0
2486,3531,624,179.51923076923077
2486,6338,2,60.0
2487,2486,624,435.7692307692308
2487,2863,353,52.69121813031161
2487,6698,1043,60.0
2488,2487,624,239.51923076923077
2488,2888,353,62.54957507082153
2489,2513,778,60.0
2489,2864,577,53.500866551126514
2489,6119,616,280.5194805194805
2490,5252,1134,155.87301587301587
2490,7830,414,117.10144927536231
2491,7337,786,60.0
2491,7840,463,163.02375809935205
2493,3453,971,60.0
2494,2915,992,60.0
2495,2089,365,60.0
2498,2489,616,504.54545454545456
2500,2239,2,720.0
2500,2696,4,1260.0
2500,3621,2,1500.0
2500,4794,10,1596.0
2500,8644,4,1320.0
2501,2403,317,60.0
2503,2504,120,53.75
2504,2598,120,46.25
2505,2506,120,46.25
2505,8506,807,49.10780669144982
2506,8004,120,120.0
2507,4416,120,120.0
2508,2509,1222,51.35842880523732
2509,7640,467,60.0
2509,7642,755,60.0
2510,6175,531,62.3728813559322
2511,4363,531,60.0
2512,6149,531,60.0
2513,5316,778,60.0
2514,7105,810,54.55555555555556
2515,4561,800,60.0
2516,5592,922,59.0238611713666
2516,5746,1114,60.0
2517,2487,807,60.0
2518,2519,135,60.0
2519,5872,135,60.0
2521,2291,652,146.04294478527606
2522,2414,712,90.33707865168539
2529,1917,478,60.0
2533,2552,845,60.0
2534,2553,846,55.709219858156025
2535,2554,1,30.0
2537,2558,857,55.72928821470245
2542,2562,479,60.0
2543,2412,478,255.69037656903765
2543,6351,4,2040.0
2544,2549,490,54.244897959183675
2545,2392,490,137.26530612244898
2546,2563,478,65.64853556485356
2549,1928,507,104.2603550295858
2549,2545,490,78.24489795918367
2550,2646,1,60.0
2550,2648,844,46.812796208530806
2552,2534,845,60.0
2553,1949,846,34.290780141843975
2554,2555,1,60.0
2555,2289,1,30.0
2558,1913,857,34.1656942823804
2562,2543,482,60.0
2563,2564,478,57.17573221757322
2564,9253,478,65.64853556485356
2565,4597,461,43.275488069414315
2566,4594,439,60.0
2569,2571,456,43.0921052631579
2570,3747,456,120.0
2571,2572,456,52.171052631578945
2572,2573,456,75.65789473684211
2573,2570,456,52.171052631578945
2574,7597,503,48.78727634194831
2579,1906,855,80.35087719298245
2581,2582,1,30.0
2581,2635,857,55.72928821470245
2582,2535,1,120.0
2582,2637,857,60.0
2584,1955,846,60.0
2585,2289,846,59.9290780141844
2592,2593,169,56.44970414201183
2593,2477,169,34.082840236686394
2596,2708,169,60.17751479289941
2597,2596,166,30.903614457831324
2598,2505,120,100.0
2599,2725,166,60.0
2600,3844,386,120.0
2601,8161,4,1920.0
2603,3493,364,134.01098901098902
2604,2508,755,60.0
2605,2832,858,255.03496503496504
2606,2618,344,47.00581395348837
2607,2608,327,47.43119266055046
2607,6500,302,531.2582781456954
2607,7484,311,151.83279742765274
2608,2609,327,60.0
2609,2610,327,43.39449541284404
2610,2611,327,60.0
2611,2612,327,60.0
2612,2941,327,121.46788990825688
2613,2615,344,60.0
2615,2616,344,60.0
2616,2617,344,56.94767441860465
2617,2606,344,49.53488372093023
2618,6795,344,326.86046511627904
2619,2620,20,60.0
2620,2621,20,120.0
2621,2932,20,60.0
2623,2624,20,120.0
2624,2625,20,60.0
2625,2626,20,120.0
2626,2627,20,120.0
2627,2628,20,120.0
2628,2629,20,60.0
2629,2630,20,60.0
2630,2788,20,600.0
2633,2581,857,34.27071178529755
2635,2582,857,34.1656942823804
2637,2537,857,60.0
2641,1945,481,59.87525987525988
2645,1948,845,60.0
2646,2645,845,60.0
2647,2649,857,60.0
2648,2646,844,43.187203791469194
2649,1974,854,53.711943793911004
2649,2562,3,30.0
2650,2651,410,33.21951219512195
2651,2652,410,60.0
2652,4647,20,73.5
2652,9595,390,171.07692307692307
2653,2234,628,208.37579617834396
2654,6724,888,120.0
2654,6725,421,154.916864608076
2655,5403,440,129.13636363636363
2655,6610,290,168.6206896551724
2655,6629,610,205.5737704918033
2656,9933,572,191.01398601398603
2657,3896,596,180.0
2661,2662,558,60.0
2662,2663,558,44.56989247311828
2663,2664,558,45.96774193548387
2664,2211,1,120.0
2664,2665,557,66.46319569120287
2665,2211,557,75.08078994614003
2666,3622,481,193.7214137214137
2666,8514,457,180.0
2667,2176,457,55.20787746170679
2690,2694,261,55.97701149425287
2692,2693,348,60.0
2693,2690,261,46.666666666666664
2693,2694,87,76.55172413793103
2694,2806,348,47.241379310344826
2695,2810,261,63.67816091954023
2696,2697,461,47.24511930585683
2697,2698,461,57.39696312364425
2698,2699,461,60.0
2699,2700,461,45.61822125813449
2700,3929,461,47.24511930585683
2701,4158,386,616.4766839378239
2703,2704,176,60.0
2704,3430,170,40.588235294117645
2704,3504,2,30.0
2704,3586,4,60.0
2705,3433,170,49.411764705882355
2706,2707,170,44.11764705882353
2707,8127,170,91.76470588235294
2708,2736,169,61.06508875739645
2709,2710,487,30.0
2710,4757,487,60.0
2711,2712,557,59.461400359066424
2712,2714,557,56.768402154398565
2713,2740,148,59.7972972972973
2714,2240,557,67.54039497307002
2714,2246,557,60.0
2715,3575,148,94.05405405405405
2717,2718,173,60.0
2718,2719,173,41.61849710982659
2719,2720,171,55.6140350877193
2719,3671,2,60.0
2720,3671,171,34.3859649122807
2725,2597,166,59.096385542168676
2727,7377,2,1920.0
2727,8879,2,1380.0
2728,9440,318,60.0
2729,2730,169,59.64497041420118
2730,2453,169,60.0
2731,2732,166,59.096385542168676
2732,2599,166,47.16867469879518
2735,2703,176,92.04545454545455
2736,2592,169,62.84023668639053
2738,2119,433,30.0
2739,6874,190,180.0
2739,6875,302,240.0
2740,2741,148,59.5945945945946
2741,2742,148,42.770270270270274
2742,2715,148,59.7972972972973
2743,3827,314,30.0
2744,2972,302,60.0
2746,8379,2,1920.0
2788,2299,655,120.0
2788,2619,20,630.0
2788,3742,321,60.0
2793,2654,888,94.05405405405405
2793,5434,565,111.929203539823
2793,6724,917,230.51254089422028
2794,3528,589,220.6451612903226
2794,9617,890,333.7752808988764
2795,6048,917,442.639040348964
2796,8162,917,133.020719738277
2797,2376,917,167.6990185387132
2797,9140,1187,47.91912384161753
2798,5800,800,128.4
2798,6090,40,180.0
2798,6351,1,1500.0
2798,8157,1760,149.76136363636363
2799,2801,890,144.6067415730337
2799,8153,870,60.0
2800,3495,917,274.87459105779715
2801,5718,890,251.12359550561797
2802,5730,890,254.56179775280899
2803,5996,325,60.0
2803,9400,890,60.0
2804,5445,589,60.0
2805,1996,265,96.67924528301887
2805,2347,88,92.72727272727273
2806,2807,348,51.37931034482759
2807,2808,348,50.51724137931034
2808,2809,348,58.793103448275865
2809,2695,261,55.97701149425287
2809,2810,87,63.44827586206897
2810,2811,348,120.0
2811,2300,348,40.689655172413794
2812,5683,348,35.172413793103445
2812,9996,858,60.0
2813,4978,348,60.0
2814,2434,348,334.48275862068965
2815,8180,452,60.0
2816,2817,452,60.0
2817,8196,452,60.0
2818,2819,462,60.0
2819,2894,462,60.0
2820,2821,462,39.41558441558441
2821,2822,462,60.0
2822,2823,462,59.02597402597402
2823,2824,462,57.72727272727273
2824,2825,462,37.467532467532465
2825,4977,462,60.0
2826,2827,462,47.33766233766234
2827,8208,462,80.77922077922078
2828,2829,462,55.77922077922078
2829,8186,462,60.0
2831,8882,164,60.0
2832,3644,1022,53.68884540117417
2833,8797,164,40.97560975609756
2834,9493,164,49.02439024390244
2835,2836,413,60.72639225181598
2836,8120,413,56.73123486682809
2837,2838,413,40.16949152542373
2838,2839,413,60.0
2839,6709,413,60.72639225181598
2840,2841,408,43.89705882352941
2841,6361,408,57.94117647058823
2842,2835,413,120.0
2843,3617,858,60.0
2844,9477,858,83.7062937062937
2845,3642,865,60.0
2846,2847,865,60.0
2847,2848,865,208.43930635838151
2848,8879,865,53.13294797687861
2849,5920,1,60.0
2849,9932,865,55.630057803468205
2850,5065,543,60.0
2851,2852,543,108.95027624309392
2852,4333,543,31.325966850828728
2853,2313,685,60.0
2853,4360,442,120.0
2854,2855,318,60.0
2855,2325,318,30.943396226415093
2856,2311,321,37.94392523364486
2856,6922,444,60.0
2857,8274,517,111.00580270793037
2858,2859,517,30.0
2859,5074,517,59.70986460348163
2860,2384,1112,58.947841726618705
2861,2862,236,60.0
2862,4938,236,360.0
2863,6995,353,65.94900849858357
2864,2865,229,60.0
2864,7729,348,81.55172413793103
2865,2866,229,352.1397379912664
2865,2889,348,72.06896551724138
2866,6126,229,60.0
2868,4654,428,37.71028037383178
2869,2870,181,40.773480662983424
2870,2871,181,51.71270718232044
2871,2873,181,120.0
2873,5191,181,81.54696132596685
2874,2876,186,120.0
2876,2877,186,36.45161290322581
2877,2878,186,53.54838709677419
2878,6373,186,60.0
2879,6477,160,120.0
2880,2881,436,101.8348623853211
2881,4222,436,39.08256880733945
2882,2883,338,30.0
2883,2884,338,60.0
2884,6429,338,49.79289940828402
2885,2886,345,33.91304347826087
2886,2887,345,56.08695652173913
2887,4664,345,36.95652173913044
2888,4938,353,61.69971671388102
2889,6119,348,72.93103448275862
2890,2489,348,42.5
2891,4953,173,60.0
2893,2187,156,715.3846153846154
2893,2297,2152,323.19702602230484
2893,2412,652,341.13496932515335
2894,2820,462,57.72727272727273
2895,2832,164,60.0
2897,2965,372,60.0
2897,9696,417,60.0
2898,9696,970,60.0
2899,4097,556,59.24460431654676
2899,4099,41,60.0
2902,2903,184,60.0
2903,5056,184,73.3695652173913
2904,3501,572,120.0
2904,6788,858,73.4965034965035
2905,2804,589,79.35483870967742
2905,4270,421,31.140142517814727
2906,5942,440,182.3181818181818
2907,2905,421,58.85985748218528
2908,2909,992,93.99193548387096
2909,2910,992,54.64717741935484
2910,2912,992,69.0725806451613
2911,2919,971,49.8043254376931
2912,3461,1364,268.24046920821115
2913,2911,971,60.617919670442845
2914,4794,442,753.9366515837104
2915,2916,992,45.27217741935484
2916,2908,992,49.26411290322581
2917,2918,971,51.34912461380021
2918,2493,970,53.90721649484536
2918,6351,1,2160.0
2919,2917,971,99.9794026776519
2920,7469,327,177.7981651376147
2922,3931,386,60.0
2923,3646,364,297.6923076923077
2924,2925,391,43.734015345268546
2925,2926,391,60.0
2926,2927,391,55.089514066496164
2927,4161,391,69.82097186700767
2928,2929,400,48.975
2929,2930,400,60.0
2930,2931,400,60.0
2931,8545,400,54.15
2932,2623,20,60.0
2933,6613,1304,82.36196319018404
2933,6629,290,50.172413793103445
2933,8473,589,60.0
2934,7484,290,60.0
2935,6320,278,42.94964028776978
2936,2937,382,60.0
2937,6892,382,60.0
2938,2939,381,88.18897637795276
2939,5145,381,49.84251968503937
2941,2920,327,369.54128440366975
2942,2064,439,191.75398633257404
2943,5491,1064,673.421052631579
2943,8357,1,120.0
2944,2494,386,72.43523316062176
2945,2946,190,30.0
2946,2739,190,145.26315789473685
2947,2966,499,180.9619238476954
2948,2949,185,180.0
2949,2945,190,60.0
2950,2968,314,99.7452229299363
2951,7999,314,69.93630573248407
2952,2953,302,72.71523178807946
2953,2970,302,107.28476821192054
2954,4000,327,60.0
2955,8462,595,60.0
2956,2957,373,60.0
2957,2958,373,60.0
2958,2959,373,30.0
2959,2960,373,60.0
2960,2961,1,180.0
2960,3046,372,89.03225806451613
2961,2962,373,60.0
2962,2963,373,60.160857908847184
2963,2912,372,59.03225806451613
2963,2913,1,30.0
2964,2373,372,87.09677419354838
2965,4103,372,60.0
2966,2948,185,48.648648648648646
2966,2950,314,40.12738853503185
2967,3833,447,60.0
2968,2743,314,60.0
2969,2951,314,78.72611464968153
2970,2971,302,60.0
2971,2744,302,30.0
2972,2739,302,84.83443708609272
2973,2967,447,52.61744966442953
2974,3823,447,47.4496644295302
3046,2961,372,60.0
3362,2713,147,47.755102040816325
3365,3891,352,924.7159090909091
3365,5559,358,171.95530726256985
3366,8014,377,50.76923076923077
3366,9284,375,89.28
3367,3714,375,60.48
3367,9200,372,60.0
3368,3371,1951,111.85033316248078
3370,3761,1380,350.8695652173913
3370,9925,559,60.0
3371,3383,762,81.49606299212599
3371,3755,624,120.0
3371,5761,565,71.46902654867256
3372,3370,1939,110.99535843218153
3373,4705,400,60.0
3374,3376,391,60.0
3375,5905,391,54.629156010230176
3376,3375,391,89.923273657289
3377,3373,400,60.0
3378,6699,391,82.25063938618926
3379,5361,399,60.0
3380,6586,764,60.0
3381,3372,764,87.17277486910994
3382,5767,1792,71.08258928571429
3383,9174,762,225.98425196850394
3384,3380,762,120.0
3386,9761,595,54.45378151260504
3387,9807,1305,85.97701149425288
3388,8867,650,59.58461538461538
3388,9820,655,180.0
3389,8653,670,136.38805970149255
3390,3388,1305,346.2988505747126
3391,3387,1305,347.9080459770115
3392,7380,1305,269.88505747126436
3392,7840,224,60.0
3393,3552,919,106.87704026115343
3393,9963,20,120.0
3394,3740,370,59.5945945945946
3396,4552,1891,161.37493389740877
3396,8782,857,60.0
3397,8419,90,176.0
3398,4585,1884,178.98089171974522
3398,8743,845,59.64497041420118
3399,6654,40,187.5
3399,7441,50,180.0
3400,9639,370,45.810810810810814
3401,9684,369,60.0
3402,3701,371,59.919137466307276
3405,4737,581,60.0
3405,8511,252,120.0
3406,8648,589,139.3548387096774
3407,3529,969,66.37770897832817
3408,7264,1,900.0
3408,8779,1,660.0
3411,3413,641,53.91575663026521
3412,5204,643,90.4199066874028
3413,3414,641,60.0
3414,3415,641,30.0
3415,3412,643,62.426127527216174
3416,4732,2,30.0
3416,4733,2,60.0
3417,3418,448,30.602678571428573
3418,3419,448,59.66517857142857
3419,3423,433,60.0
3419,3428,6,140.0
3420,3421,436,37.5
3421,3593,436,52.706422018348626
3422,6096,795,30.0
3422,7580,1277,34.440093970242756
3423,3420,436,60.41284403669725
3424,2080,1,60.0
3428,3431,176,60.0
3430,2705,170,60.0
3431,3465,176,61.36363636363637
3433,2706,170,56.470588235294116
3434,3435,176,230.45454545454547
3435,3436,176,36.30681818181818
3436,3437,176,59.65909090909091
3437,3438,176,50.625
3438,3439,176,58.63636363636363
3439,3440,176,74.6590909090909
3440,3594,10,84.0
3440,3657,166,60.0
3441,9572,364,120.0
3442,9574,389,112.44215938303341
3443,3444,386,53.47150259067357
3444,2073,386,60.0
3445,7190,386,46.398963730569946
3446,3447,607,50.362438220757824
3447,3448,607,54.06919275123558
3448,3449,607,50.31301482701812
3449,3452,607,55.799011532125206
3450,5907,365,60.0
3451,3442,386,73.21243523316062
3451,9574,383,240.0
3452,2494,606,60.0
3452,3453,1,60.0
3453,2088,365,60.0
3453,8218,607,87.28171334431632
3454,3700,364,46.81318681318681
3455,2028,367,52.39782016348774
3456,3492,437,50.389016018306634
3457,3458,364,75.65934065934066
3458,2094,364,73.18681318681318
3459,2923,364,45.57692307692308
3461,2964,372,46.45161290322581
3461,9713,1479,51.27789046653144
3462,2913,970,260.96907216494844
3462,2956,372,240.0
3463,6404,388,60.0
3464,3493,437,60.0
3465,2735,176,59.65909090909091
3470,3533,386,60.0
3471,8197,382,55.68062827225131
3472,4070,381,31.181102362204726
3473,7201,170,30.0
3474,3475,236,66.35593220338983
3475,7309,236,237.45762711864407
3479,8045,390,69.23076923076923
3480,6728,154,60.0
3481,6129,329,60.0
3482,9044,325,38.03076923076923
3483,5818,321,60.0
3484,3485,379,60.0
3485,7147,379,44.96042216358839
3486,2512,531,60.0
3488,6593,257,201.9455252918288
3488,7698,496,60.0
3491,9947,415,75.90361445783132
3492,2199,4,60.0
3492,3464,437,79.22196796338673
3492,4730,4,900.0
3493,2082,1181,86.16426756985605
3493,3494,437,60.0
3494,2196,469,70.87420042643923
3494,2198,415,104.09638554216868
3494,2600,386,60.0
3494,4732,437,144.98855835240275
3495,2793,917,318.6477644492912
3495,9618,421,37.55344418052257
3495,9619,595,60.0
3496,8458,401,60.0
3496,9714,371,92.02156334231806
3497,4097,478,60.0
3498,9714,595,120.0
3501,3505,572,258.25174825174827
3501,3599,858,252.72727272727272
3502,3504,596,73.59060402684564
3502,3587,4,30.0
3504,2474,596,167.01342281879195
3504,3585,2,30.0
3505,3601,865,45.052023121387286
3505,3602,572,56.01398601398601
3506,3502,596,245.03355704697987
3506,5543,1,60.0
3507,9931,1777,136.5785030951041
3508,3891,596,192.08053691275168
3509,9943,572,156.3986013986014
3511,3513,412,59.41747572815534
3513,3515,412,60.87378640776699
3514,3512,2,60.0
3515,3523,412,59.56310679611651
3516,3522,2,30.0
3517,3519,412,60.0
3518,3516,2,60.0
3519,3521,412,46.6747572815534
3520,3518,2,30.0
3521,9857,410,110.63414634146342
3521,9858,2,120.0
3522,3514,2,60.0
3523,3517,412,57.23300970873787
3524,3511,400,60.0
3525,3526,450,30.0
3526,2484,450,60.0
3528,3406,589,60.0
3529,3560,969,117.83281733746131
3531,9453,624,68.17307692307692
3532,8880,305,36.885245901639344
3533,3534,1148,42.883275261324044
3534,8902,379,60.0
3534,9356,769,75.60468140442133
3535,3442,3,60.0
3535,9574,4,120.0
3536,8901,392,32.295918367346935
3537,3536,392,110.81632653061224
3538,3537,392,34.59183673469388
3539,3538,392,57.704081632653065
3540,3539,392,34.59183673469388
3541,3540,392,55.40816326530612
3542,3541,392,60.0
3543,3542,392,32.295918367346935
3544,3554,386,45.310880829015545
3548,3556,386,49.119170984455955
3549,3550,364,51.34615384615385
3550,9570,364,60.0
3552,2019,919,184.96191512513602
3553,2437,5,240.0
3554,3555,386,60.0
3555,3548,386,49.04145077720207
3556,3557,386,59.4559585492228
3557,2922,386,275.1295336787565
3560,2933,595,79.15966386554622
3560,9903,374,60.0
3561,3786,307,60.0
3561,9352,1,420.0
3565,2430,634,60.0
3565,8674,320,60.0
3566,3567,143,60.0
3567,3568,143,56.22377622377623
3568,3569,143,66.2937062937063
3569,2428,143,118.74125874125875
3570,3571,140,56.785714285714285
3571,5830,140,120.0
3572,2201,562,60.0
3572,3573,145,60.0
3573,3574,145,60.0
3574,2429,145,60.0
3574,4044,2,120.0
3575,3576,148,60.0
3576,3566,148,60.0
3577,2667,457,129.58424507658643
3585,2474,865,180.34682080924856
3585,9064,2,120.0
3586,3585,873,46.32302405498282
3587,3586,869,64.8331415420023
3588,3587,865,41.54913294797688
3589,2118,436,60.0
3590,3589,436,60.0
3591,3590,436,60.0
3592,3591,436,40.596330275229356
3593,3592,436,56.903669724770644
3594,3595,181,60.331491712707184
3595,3596,181,43.0939226519337
3596,3597,181,59.005524861878456
3597,3598,181,48.39779005524862
3598,3609,181,62.32044198895028
3599,2118,3,1080.0
3599,3505,5,36.0
3599,3600,861,44.70383275261324
3600,2596,3,30.0
3600,3505,858,48.49650349650349
3601,2116,4,60.0
3601,2119,1,60.0
3601,3602,860,44.86046511627907
3602,2302,858,229.23076923076923
3602,3507,572,299.3706293706294
3602,3603,2,30.0
3603,2116,2,60.0
3603,3604,442,60.0
3604,3605,448,60.535714285714285
3605,3606,448,60.535714285714285
3606,3607,448,60.535714285714285
3607,3608,448,59.66517857142857
3608,3417,448,60.535714285714285
3609,2085,2,30.0
3609,9772,6,30.0
3609,9773,171,60.0
3609,9775,2,120.0
3610,3921,390,149.3846153846154
3610,5543,2,30.0
3610,9498,865,133.17919075144508
3613,9820,572,88.84615384615384
3614,8451,398,53.21608040201005
3617,2424,858,60.0
3617,8850,316,119.81012658227849
3618,3975,320,51.09375
3618,9946,386,60.0
3619,3507,858,89.72027972027972
3619,9946,2,45.0
3620,2303,867,57.75086505190311
3621,8515,658,60.0
3622,2250,457,142.3194748358862
3622,8511,486,120.0
3623,2914,442,124.75113122171946
3625,4772,461,55.24945770065076
3627,3629,2223,176.9770580296896
3628,3626,2223,131.47098515519568
3629,3631,2223,120.0
3630,3628,2223,120.0
3631,3633,2223,120.0
3632,3630,2223,120.0
3633,3635,2223,120.0
3634,3632,2223,120.0
3635,3637,2223,172.41565452091768
3636,3634,2223,169.50067476383265
3637,3639,2223,120.0
3638,3636,2223,120.0
3639,6827,2473,120.0
3641,3817,2545,180.0
3642,2301,865,60.0
3642,2805,353,60.0
3643,2300,858,135.03496503496504
3644,3643,858,60.0
3644,8886,164,60.0
3645,5816,855,60.0
3645,9020,360,60.833333333333336
3646,3647,364,53.07692307692308
3647,3549,364,74.01098901098901
3649,7998,579,48.601036269430054
3652,8681,353,50.65155807365439
3654,4794,581,374.35456110154905
3655,9620,2,60.0
3656,6064,581,65.98967297762478
3656,9242,257,48.91050583657587
3657,3658,166,180.0
3658,2729,169,30.532544378698226
3659,3594,171,96.84210526315789
3670,2429,2,120.0
3671,3659,171,171.2280701754386
3679,9901,6,40.0
3680,3679,4,60.0
3681,3679,2,60.0
3681,3680,4,37.5
3682,3681,6,30.0
3683,3682,6,60.0
3684,3683,6,50.0
3685,3684,6,60.0
3686,3685,4,37.5
3686,6044,1,60.0
3687,3685,2,60.0
3687,3686,5,60.0
3688,3689,608,60.0
3689,3690,608,40.16447368421053
3690,3691,608,59.901315789473685
3691,3692,608,55.85526315789474
3692,3693,608,44.80263157894737
3693,3694,994,62.74647887323944
3694,3446,606,60.0
3694,8637,388,60.0
3698,3699,609,46.1576354679803
3699,3700,609,60.0
3700,3455,367,43.73297002724796
3700,3688,606,60.0
3701,3702,370,120.0
3701,9685,1,120.0
3702,9685,370,30.0
3704,3705,690,71.82608695652173
3705,3706,690,60.0
3706,4922,374,60.0
3706,4924,321,60.18691588785047
3707,2268,305,60.0
3707,3708,2,60.0
3708,3709,2,30.0
3709,9276,2,60.0
3711,7458,311,60.0
3713,3367,747,59.59839357429719
3714,3716,375,55.68
3715,4991,375,55.2
3716,3715,375,60.0
3717,3706,3,180.0
3717,3718,378,59.6031746031746
3717,4991,3,60.0
3718,3719,378,38.57142857142857
3719,2267,317,92.17665615141956
3719,8880,378,60.0
3720,3721,379,40.92348284960422
3721,2449,2,90.0
3721,3722,377,38.11671087533156
3722,3855,377,51.88328912466844
3724,3725,353,120.0
3725,8956,354,60.0
3726,3727,359,30.0
3727,3728,359,60.0
3728,3729,359,60.0
3729,3730,359,56.4066852367688
3730,3731,359,33.5933147632312
3731,8610,359,59.91643454038997
3732,7584,4,75.0
3732,7774,1,180.0
3732,8478,377,322.1220159151194
3733,3734,380,59.60526315789474
3734,3735,380,60.78947368421053
3735,3736,380,118.73684210526316
3736,3737,380,30.236842105263158
3737,3738,377,120.0
3737,8661,3,60.0
3738,3739,370,60.0
3739,3394,370,60.0
3740,4634,370,60.0
3742,2299,381,32.75590551181102
3743,2788,318,60.0
3743,6957,55,321.8181818181818
3744,3745,624,300.0
3745,3746,624,102.88461538461539
3745,6371,550,60.0
3746,3747,624,180.0
3746,7950,550,104.72727272727273
3747,3748,624,120.0
3747,5682,941,60.0
3747,6684,456,60.0
3748,8368,624,180.0
3751,3368,1386,342.1212121212121
3755,3756,624,60.0
3756,2488,624,267.9807692307692
3756,6952,1643,82.02069385270846
3761,6982,1380,180.0
3764,3765,616,120.0
3765,2566,439,240.0
3765,3766,616,155.64935064935065
3765,6343,531,52.03389830508475
3765,6539,400,54.15
3766,3767,616,120.0
3766,5893,531,87.79661016949153
3767,3744,616,195.0974025974026
3767,6345,531,91.63841807909604
3769,4290,1,120.0
3769,4296,398,60.0
3769,5613,370,30.0
3770,3771,397,30.0
3771,3772,397,60.0
3772,3773,397,43.60201511335013
3773,3774,397,60.0
3774,3775,397,92.79596977329975
3775,3776,397,43.60201511335013
3776,3777,397,60.0
3777,3778,397,60.0
3778,8611,397,120.0
3779,3780,397,60.0
3780,3781,397,60.0
3781,3782,397,30.0
3782,3783,397,120.0
3783,3784,397,60.0
3784,4300,397,43.60201511335013
3785,7978,373,60.0
3786,4992,305,50.65573770491803
3786,8822,2,45.0
3788,7315,374,120.0
3791,3792,388,88.6082474226804
3792,4642,388,60.0
3795,6850,550,126.54545454545455
3796,5686,531,116.045197740113
3797,3378,391,147.77493606138108
3798,5686,400,60.0
3800,3801,401,33.74064837905237
3801,3802,401,60.0
3802,9377,401,56.25935162094763
3804,3889,596,83.45637583892618
3805,8924,164,60.0
3809,3810,394,34.568527918781726
3810,3811,394,55.431472081218274
3811,3812,394,60.0
3812,7632,394,60.0
3813,3814,401,44.66334164588529
3814,3815,401,60.0
3815,4593,401,82.44389027431421
3816,3640,2545,232.55009823182712
3817,3960,2545,240.0
3818,3820,455,50.30769230769231
3819,9899,447,42.5503355704698
3820,3822,455,47.07692307692308
3821,3819,447,47.4496644295302
3822,2973,447,50.13422818791946
3822,3852,1,120.0
3822,9592,7,51.42857142857143
3823,3821,447,42.5503355704698
3826,2969,314,50.63694267515923
3827,3826,314,60.0
3831,3836,447,52.61744966442953
3832,3831,447,50.13422818791946
3833,3832,447,47.24832214765101
3834,2952,302,60.0
3835,3834,302,73.3112582781457
3835,4127,2,780.0
3836,4140,447,37.38255033557047
3837,6767,392,35.05102040816327
3838,3839,388,35.79896907216495
3839,6842,388,54.20103092783505
3841,3860,368,175.1086956521739
3842,9916,2,150.0
3843,3456,437,47.505720823798626
3844,2029,388,60.0
3844,3700,2,960.0
3845,5940,365,349.3150684931507
3847,4841,1,900.0
3850,2974,447,55.30201342281879
3852,3853,1,60.0
3853,5179,1,60.0
3855,9687,2,180.0
3855,9689,746,98.28418230563003
3857,7164,321,143.17757009345794
3859,3863,847,31.41676505312869
3860,3862,4,180.0
3860,4451,368,191.08695652173913
3861,5491,2,900.0
3861,6857,378,200.0
3862,7026,4,120.0
3863,3861,378,298.41269841269843
3863,3931,469,121.91897654584221
3864,2066,1,1080.0
3864,8549,380,60.0
3865,8016,374,30.32085561497326
3866,3864,380,55.5
3866,8549,2,120.0
3868,2418,919,180.0
3868,4727,2,2040.0
3868,8850,4,105.0
3869,4908,1,30.0
3869,4909,3,30.0
3870,9935,616,179.02597402597402
3874,3365,347,869.2219020172911
3874,3509,572,180.0
3875,9941,572,60.0
3876,3613,572,73.63636363636364
3877,3878,489,60.0
3878,3915,489,36.87116564417178
3880,3911,497,57.223340040241446
3881,2165,538,160.0371747211896
3882,3883,1151,148.61859252823632
3883,3884,1151,123.96177237185057
3884,3905,518,499.11196911196913
3884,7930,369,120.0
3884,9802,596,229.4295302013423
3886,3887,20,60.0
3886,5057,1901,125.04997369805366
3887,3909,20,1080.0
3887,6915,5,720.0
3889,9944,596,156.54362416107384
3890,9942,596,72.08053691275168
3891,9939,948,118.48101265822785
3896,3897,948,143.79746835443038
3897,9932,948,149.55696202531647
3900,2420,497,60.0
3902,9138,164,60.0
3904,2485,450,60.0
3905,3880,518,182.8957528957529
3905,4555,358,393.85474860335194
3909,9939,25,117.6
3911,4555,497,247.96780684104627
3915,3919,489,53.12883435582822
3917,3887,5,60.0
3919,3920,485,36.8041237113402
3919,3922,4,90.0
3920,3922,485,53.1958762886598
3921,7647,2,60.0
3921,7664,390,56.53846153846154
3922,3924,489,59.75460122699386
3923,9500,324,40.46296296296296
3924,9730,489,73.74233128834356
3925,6374,1,1080.0
3925,8058,1,1680.0
3926,3927,362,59.751381215469614
3927,3928,362,60.49723756906077
3928,3930,362,76.07734806629834
3929,2666,938,83.73134328358209
3929,9728,4,120.0
3930,3932,362,60.0
3931,2096,855,60.0
3931,7026,369,60.8130081300813
3932,3933,418,60.0
3933,9843,418,48.803827751196174
3934,9218,1,60.0
3934,9314,418,36.961722488038276
3935,3926,362,98.95027624309392
3936,5913,170,59.11764705882353
3937,3938,2,900.0
3937,3939,577,59.89601386481802
3938,9359,1,60.0
3938,9932,580,58.758620689655174
3939,4993,590,59.59322033898305
3940,9218,257,60.0
3940,9525,459,60.26143790849673
3941,9616,400,57.825
3943,3934,418,60.0
3944,6855,576,54.635416666666664
3954,7021,937,46.16862326574173
3955,6250,1047,66.99140401146131
3955,6898,346,84.27745664739885
3956,7624,1056,49.14772727272727
3960,6815,2545,180.0
3961,5535,357,30.0
3962,3961,357,60.0
3963,4950,173,60.0
3965,6463,222,46.891891891891895
3966,5486,922,47.99349240780911
3967,4784,363,60.0
3968,9250,22,51.81818181818182
3969,3968,22,51.81818181818182
3970,3969,12,57.5
3971,4646,393,50.0
3972,3971,393,56.10687022900763
3973,3972,393,60.0
3974,5468,497,512.8370221327967
3975,9498,315,30.0
3976,3921,2,45.0
3976,9565,15,60.0
3978,6089,420,60.0
3979,3980,352,60.0
3980,9668,352,51.90340909090909
3981,4022,718,60.0
3981,4023,716,60.0
3982,3981,1434,43.93305439330544
3983,5802,367,53.46049046321526
3984,3983,367,39.40054495912806
3985,3984,367,47.90190735694823
3986,3985,367,47.41144414168937
3987,5951,367,48.63760217983651
3988,3987,367,46.26702997275204
3989,5425,365,35.342465753424655
3990,3989,365,54.657534246575345
3991,5931,365,49.726027397260275
3992,3991,365,60.0
3993,9139,347,40.461095100864554
3994,6607,365,55.06849315068493
3995,3993,347,59.913544668587896
4000,5478,551,60.0
4000,6566,329,60.0
4000,6864,1,480.0
4000,7874,1,1500.0
4001,6073,238,180.0
4001,6088,421,135.9619952494062
4002,7400,544,94.74264705882354
4003,5476,402,120.0
4004,6260,335,32.507462686567166
4005,4004,335,57.492537313432834
4006,4005,335,60.0
4007,4006,335,32.23880597014925
4009,4678,395,59.46835443037975
4010,6844,392,60.0
4011,6245,361,51.606648199445985
4011,7205,378,60.0
4012,4011,739,60.16238159675237
4013,5398,702,59.914529914529915
4013,6600,2,1080.0
4013,7707,2,840.0
4014,4013,704,50.53977272727273
4015,6252,335,60.0
4016,4015,335,60.0
4017,3955,1047,49.31232091690544
4018,5922,231,43.246753246753244
4019,4018,231,60.0
4020,4021,361,60.16620498614959
4021,6246,361,38.80886426592798
4022,7625,696,130.94827586206895
4023,7625,697,120.0
4024,3995,347,39.07780979827089
4025,5811,321,325.23364485981307
4025,6556,185,420.0
4026,4027,231,30.0
4027,5127,231,60.0
4028,4106,440,38.45454545454545
4028,9619,374,52.780748663101605
4030,6727,154,31.948051948051948
4031,4030,154,60.0
4032,4031,154,60.0
4033,5410,814,57.714987714987714
4034,6647,3,50.0
4035,5429,421,75.10688836104514
4036,5408,421,120.0
4037,4270,595,60.0
4038,5407,572,57.63986013986014
4038,7573,1304,113.19018404907976
4039,2793,565,55.2212389380531
4039,6610,945,68.88888888888889
4040,4041,365,36.082191780821915
4041,5503,365,54.73972602739726
4043,3845,365,60.0
4043,6763,381,170.5511811023622
4044,4034,3,60.0
4045,6763,550,60.0
4045,7273,595,93.88235294117646
4046,4047,327,41.28440366972477
4047,4048,327,48.71559633027523
4048,5469,327,48.89908256880734
4049,6604,550,48.43636363636364
4050,4051,329,30.0
4051,5239,329,60.0
4052,4053,238,60.0
4053,4054,238,60.0
4054,6792,238,30.0
4060,3835,2,1320.0
4060,4061,580,39.672413793103445
4060,4108,2,1380.0
4060,5824,2,2220.0
4060,9136,2,1260.0
4060,9894,2,1620.0
4060,9951,2,2520.0
4061,6319,580,50.8448275862069
4062,4063,604,60.0
4063,4064,604,60.0
4064,6731,604,52.5
4069,7010,382,52.931937172774866
4070,4071,381,60.0
4071,5425,381,55.275590551181104
4072,6639,278,84.82014388489209
4073,6631,290,120.0
4079,3614,398,40.62814070351759
4080,2936,95,30.0
4080,8035,381,94.96062992125984
4081,4069,382,74.13612565445027
4082,7328,367,54.27792915531335
4083,6210,2,1140.0
4083,6372,2,1200.0
4084,2287,507,53.31360946745562
4085,2899,556,60.0
4085,3496,394,30.0
4085,3497,490,30.0
4085,3844,2,1200.0
4086,9545,800,60.0
4088,8871,432,46.59722222222222
4089,9635,502,60.0
4091,8352,432,57.56944444444444
4093,4303,407,56.68304668304668
4093,8458,596,43.08724832214765
4094,4093,1003,42.14356929212363
4095,4094,1003,41.60518444666002
4095,9700,1,120.0
4097,4098,1428,38.92857142857143
4098,1998,1428,34.55882352941177
4099,8577,56,46.607142857142854
4100,4099,15,60.0
4100,8472,2,60.0
4102,2899,51,60.0
4103,3462,1342,45.33532041728763
4103,4114,486,60.0
4105,6402,402,88.50746268656717
4106,2906,440,120.0
4107,6615,589,79.35483870967742
4108,8003,2,960.0
4108,9886,7,42.857142857142854
4109,8598,444,60.0
4110,4109,444,30.0
4111,7236,390,60.0
4112,3847,1,420.0
4114,4146,486,60.0
4117,4796,352,65.11363636363636
4117,4797,406,60.0
4117,4798,486,60.0
4118,4117,1244,91.0128617363344
4119,9225,249,60.0
4120,3572,1,60.0
4120,3670,2,30.0
4121,4120,3,60.0
4122,4121,3,40.0
4123,4122,3,60.0
4124,1980,135,120.0
4124,2728,321,60.0
4124,8580,614,60.0
4124,8597,502,120.0
4125,8131,453,59.86754966887417
4125,8133,1,120.0
4126,4125,454,34.757709251101325
4127,4126,454,55.242290748898675
4128,4127,453,37.28476821192053
4129,6858,491,120.0
4130,5986,1043,77.48801534036433
4131,5997,236,36.99152542372882
4132,4131,236,60.0
4135,5882,408,60.0
4136,4135,408,48.161764705882355
4137,4136,408,41.838235294117645
4138,4137,408,60.0
4139,4128,453,52.71523178807947
4140,4139,453,59.602649006622514
4141,4771,461,30.13015184381779
4142,1900,490,64.89795918367346
4143,4124,135,30.0
4144,4143,135,60.0
4145,3461,487,30.0
4146,9698,486,60.0
4147,9252,800,62.325
4152,4153,621,60.0
4153,6668,321,60.0
4153,9782,621,70.6280193236715
4155,3816,2545,237.07662082514736
4156,6921,441,46.054421768707485
4157,5439,374,50.61497326203209
4158,8430,406,56.30541871921182
4159,3747,391,43.734015345268546
4159,6343,1,30.0
4160,4159,392,55.10204081632653
4161,4160,392,60.0
4162,6547,1,60.0
4163,4794,20,120.0
4163,9297,390,556.9230769230769
4163,9299,1,900.0
4167,4302,340,59.911764705882355
4168,4170,340,60.0
4169,6518,340,41.8235294117647
4170,4169,340,48.26470588235294
4171,4172,340,48.26470588235294
4172,4173,340,59.911764705882355
4173,6517,340,30.08823529411765
4174,4175,340,30.176470588235293
4175,6516,340,59.911764705882355
4176,4177,377,56.10079575596817
4177,4178,377,33.89920424403183
4178,6496,377,56.10079575596817
4182,6479,162,60.0
4183,4182,162,60.0
4184,4183,162,60.0
4185,6478,162,60.0
4186,4185,162,60.0
4187,4186,162,60.0
4194,8373,350,120.0
4195,9099,402,53.28358208955224
4196,6469,402,30.0
4197,9098,396,60.0
4199,4145,487,60.0
4200,4199,487,48.78850102669404
4201,4291,487,60.0
4202,6128,181,64.97237569060773
4203,6454,181,60.0
4206,3756,186,180.0
4207,6449,186,111.93548387096774
4208,4209,423,60.0
4209,6120,423,120.0
4210,6447,423,69.21985815602837
4210,6468,2,2100.0
4210,6596,2,1020.0
4210,7377,2,2400.0
4210,8297,2,2400.0
4210,8315,3,1500.0
4211,4210,423,110.78014184397163
4212,4935,423,34.255319148936174
4213,4212,423,60.0
4214,4215,423,52.5531914893617
4215,4216,423,39.57446808510638
4216,6444,423,57.87234042553192
4217,5957,423,57.87234042553192
4218,5640,162,35.925925925925924
4219,4218,162,54.074074074074076
4220,6439,162,60.0
4221,4220,162,30.37037037037037
4222,6111,436,50.91743119266055
4225,6477,2,60.0
4226,6436,2,60.0
4227,6435,2,60.0
4228,4227,2,30.0
4229,4228,2,60.0
4230,6434,2,60.0
4231,4230,2,60.0
4232,4234,347,31.729106628242075
4233,6432,347,55.93659942363112
4234,4235,347,58.27089337175793
4235,4233,347,31.902017291066283
4236,5761,338,99.58579881656804
4236,8704,1,300.0
4237,6430,339,46.19469026548673
4238,4240,339,46.19469026548673
4239,4238,339,43.80530973451327
4240,4237,339,43.80530973451327
4241,6428,1,60.0
4242,6427,1,60.0
4243,2868,428,52.28971962616822
4243,4242,1,60.0
4244,6426,429,60.0
4245,4244,429,60.0
4246,6424,429,52.23776223776224
4247,4246,429,60.0
4248,5631,437,60.0
4249,4250,437,70.2974828375286
4250,6422,437,60.0
4251,4249,437,60.0
4252,6336,418,114.97607655502392
4253,7957,418,65.02392344497608
4254,4253,418,57.48803827751196
4255,4254,418,32.51196172248804
4256,4255,418,57.48803827751196
4257,6418,418,30.0
4258,4257,418,60.0
4259,4261,418,32.51196172248804
4260,4259,418,57.48803827751196
4261,6417,418,60.0
4262,4263,418,71.48325358851675
4263,6415,418,108.51674641148325
4264,6414,418,35.74162679425837
4265,4264,418,114.97607655502392
4266,4287,1389,107.6889848812095
4267,4593,1394,165.88235294117646
4270,3495,1016,60.0
4271,5440,398,42.36180904522613
4275,6379,778,65.93830334190231
4276,4275,778,60.0
4280,8985,550,36.54545454545455
4281,4280,550,80.18181818181819
4282,5656,305,45.73770491803279
4282,6369,550,68.18181818181819
4283,6365,807,81.78438661710037
4284,6364,807,60.0
4285,6362,807,59.44237918215613
4285,6644,408,30.0
4286,4267,1394,98.73744619799139
4287,4591,1387,71.0310021629416
4287,7447,2,60.0
4288,2020,370,91.62162162162163
4289,3779,397,87.20403022670025
4289,9370,371,44.15094339622642
4290,2021,371,30.080862533692724
4291,4292,487,60.0
4292,4346,487,30.0
4296,1938,2,2100.0
4296,3770,397,60.0
4298,8373,397,147.20403022670024
4299,4298,397,46.39798488664987
4300,4299,397,60.0
4302,2441,2,90.0
4302,8947,716,91.67597765363128
4303,2898,992,60.0
4303,4100,30,60.0
4303,4593,377,60.0
4304,4095,1004,50.169322709163346
4305,4304,408,59.63235294117647
4306,4305,408,40.955882352941174
4307,7712,553,53.924050632911396
4308,4307,553,60.0
4309,6258,553,39.33092224231465
4310,4311,554,51.768953068592054
4311,9847,554,57.292418772563174
4312,4306,408,45.73529411764706
4313,4312,408,45.73529411764706
4314,4313,408,60.0
4315,4314,408,45.0735294117647
4316,4315,408,59.55882352941177
4317,4383,41,60.0
4318,4102,51,60.0
4319,8103,41,263.4146341463415
4320,4321,365,49.56164383561644
4321,6237,365,45.78082191780822
4322,6236,365,51.28767123287671
4322,9484,861,48.257839721254356
4323,6235,365,59.178082191780824
4324,4323,365,57.12328767123287
4325,6146,369,59.1869918699187
4326,4325,369,48.13008130081301
4327,4326,140,57.857142857142854
4328,6228,369,60.0
4329,4328,369,51.13821138211382
4330,4329,369,56.17886178861789
4331,6225,543,60.0
4332,4331,543,60.0
4333,6224,543,98.89502762430939
4335,2850,543,99.22651933701657
4336,4335,543,60.0
4337,7569,491,56.33401221995927
4338,6217,491,54.0122199592668
4339,4338,491,71.9755600814664
4340,4339,491,50.34623217922607
4341,6717,491,40.509164969450104
4342,6214,491,46.924643584521384
4343,6674,491,60.0
4344,6212,491,85.90631364562118
4345,4344,491,94.09368635437882
4346,4347,487,60.0
4347,4414,487,41.765913757700204
4348,4783,441,49.25170068027211
4350,4461,413,56.3680387409201
4351,4350,413,49.83050847457627
4352,2177,55,60.0
4352,2178,646,146.0061919504644
4352,9812,444,65.67567567567568
4356,6027,364,60.0
4356,6765,1,60.0
4358,5900,442,60.0
4359,6179,442,77.37556561085972
4360,4361,973,60.0
4361,4362,973,60.0
4362,5067,531,120.0
4362,6178,442,97.33031674208145
4363,6177,531,103.954802259887
4364,6176,531,60.0
4365,4364,531,31.1864406779661
4366,4365,531,58.813559322033896
4367,4368,543,54.972375690607734
4368,6155,543,58.67403314917127
4369,6172,543,40.552486187845304
4370,9339,442,60.0
4371,4372,442,52.39819004524887
4372,6169,442,53.21266968325792
4373,6274,170,30.0
4374,2851,543,35.52486187845304
4375,6150,944,58.88771186440678
4376,4375,531,60.0
4377,6234,364,59.175824175824175
4378,4377,364,33.2967032967033
4379,2510,531,48.36158192090395
4380,6145,531,51.9774011299435
4381,4380,531,48.47457627118644
4382,4381,531,42.71186440677966
4383,4319,41,30.0
4384,6336,229,120.0
4385,4384,229,60.0
4386,6416,418,60.0
4392,2488,353,34.759206798866856
4392,4391,1,120.0
4393,6120,349,60.17191977077364
4398,6446,423,60.0
4399,4398,423,30.0
4400,6115,236,60.0
4401,9177,436,60.0
4402,6110,338,68.87573964497041
4403,3422,467,60.0
4404,6095,467,54.603854389721626
4405,4404,467,46.9593147751606
4406,4405,467,54.603854389721626
4407,6093,469,30.0
4408,4407,469,100.682302771855
4409,9153,320,60.0
4410,7661,435,60.0
4411,6716,435,55.86206896551724
4412,4411,435,53.793103448275865
4413,4454,1034,41.0541586073501
4414,4514,487,48.234086242299796
4416,5575,356,90.50561797752809
4417,9388,51,30.0
4418,9340,1012,69.60474308300395
4418,9672,417,218.1294964028777
4419,7743,778,56.760925449871465
4420,5992,778,53.09768637532134
4421,4418,832,60.0
4422,4420,778,67.32647814910025
4423,4424,1003,44.925224327018945
4424,7734,807,48.921933085501855
4424,7738,196,60.0
4425,4423,1003,47.40777666999003
4426,4427,1003,67.35792622133599
4427,5988,1003,57.60717846460618
4428,5987,807,65.94795539033457
4428,7746,236,60.0
4429,6695,1007,71.32075471698113
4430,5983,321,42.149532710280376
4431,4430,196,60.0
4432,4431,196,59.234693877551024
4433,1803,229,60.0
4434,4433,229,60.0
4435,4434,229,30.0
4437,9581,1,60.0
4438,4437,1,30.0
4441,9671,417,60.0
4442,4441,417,42.51798561151079
4443,4442,417,66.76258992805755
4444,4443,417,54.89208633093525
4445,4444,417,35.75539568345324
4450,8015,437,60.0
4451,3931,369,60.0
4453,4060,1,660.0
4453,7706,329,30.0
4454,4455,1034,50.07736943907157
4455,1957,556,69.71223021582733
4455,2274,478,124.39330543933055
4457,4286,1394,90.17216642754663
4457,5371,434,58.963133640552996
4458,4457,1394,331.33428981348635
4458,4944,497,126.7605633802817
4458,7594,444,78.91891891891892
4458,8445,377,69.70822281167109
4459,4458,368,46.46739130434783
4459,5806,30,44.0
4459,6987,15,508.0
4459,8333,20,300.0
4459,9585,15,300.0
4460,4375,413,46.19854721549637
4460,4462,577,48.45753899480069
4461,4460,990,47.666666666666664
4462,5899,577,75.18197573656846
4463,5898,577,60.0
4464,5897,577,60.0
4465,4464,577,40.762564991334486
4466,4465,577,60.0
4467,4468,577,98.47487001733103
4468,5896,577,40.762564991334486
4469,6307,778,60.0
4470,4469,778,60.0
4471,2840,408,60.0
4472,4471,408,46.10294117647059
4473,4475,408,42.5
4474,4473,408,60.0
4475,5890,408,95.0
4475,8833,55,120.0
4476,5889,408,114.11764705882354
4477,2842,408,60.0
4477,6709,60,60.0
4478,5887,408,60.0
4479,4478,408,60.0
4480,4477,60,110.0
4480,5886,408,50.80882352941177
4481,4480,408,60.0
4482,6685,408,46.10294117647059
4483,6361,807,38.141263940520446
4484,4483,807,59.44237918215613
4485,8111,542,49.37269372693727
4486,4489,542,37.47232472324723
4487,5880,542,60.0
4488,4487,542,37.47232472324723
4489,4488,542,52.52767527675277
4490,5879,542,66.08856088560886
4491,4490,542,30.0
4492,5062,413,66.53753026634382
4492,5878,542,60.0
4493,5877,955,46.42931937172775
4494,4493,542,90.99630996309963
4495,5800,756,64.28571428571429
4496,4495,756,60.0
4497,5870,467,67.1948608137045
4498,4497,467,70.79229122055675
4499,5869,462,109.35064935064935
4500,4499,462,35.324675324675326
4501,5868,462,54.675324675324674
4502,4501,462,80.77922077922078
4503,5395,421,103.04038004750593
4505,5866,421,60.0
4506,5865,421,60.0
4507,4506,421,57.86223277909739
4508,5864,421,57.86223277909739
4509,5863,541,49.186691312384475
4510,4509,541,41.92236598890943
4511,4510,541,53.622920517560075
4512,8004,421,60.0
4513,4512,421,60.0
4514,4516,487,41.765913757700204
4516,4518,487,60.0
4517,9608,416,39.01442307692308
4518,4532,487,48.234086242299796
4519,9998,2,60.0
4520,4519,2,30.0
4521,5857,486,36.91358024691358
4522,4525,809,40.90234857849197
4523,5856,486,37.098765432098766
4524,4523,2,30.0
4524,6341,807,40.92936802973978
4525,4524,809,49.09765142150803
4526,5847,778,41.1439588688946
4527,5846,778,41.1439588688946
4528,4527,778,48.8560411311054
4529,6341,488,48.872950819672134
4530,4459,448,240.0
4532,9707,487,41.765913757700204
4534,5840,539,76.69758812615956
4535,4534,539,49.424860853432286
4536,4535,539,46.14100185528757
4537,5839,539,36.957328385899814
4538,4537,539,55.547309833024116
4539,5838,414,58.18840579710145
4540,4539,414,31.81159420289855
4541,4540,414,58.18840579710145
4542,4543,414,60.0
4543,4544,414,58.55072463768116
4544,5835,414,62.89855072463768
4545,4530,90,137.33333333333334
4548,4517,416,30.14423076923077
4552,8746,1891,200.56054997355898
4552,8792,857,46.03267211201867
4555,3396,1891,153.09360126916974
4556,4555,1035,236.7536231884058
4557,2451,756,132.77777777777777
4557,6253,800,150.375
4558,4557,1556,60.0
4559,5801,1556,60.0
4560,4559,1556,81.82519280205655
4560,4898,2,120.0
4561,2798,800,60.0
4561,5790,553,93.96021699819168
4562,5795,553,60.0
4563,4565,554,73.53790613718411
4564,4556,1035,60.0
4565,5791,554,54.368231046931406
4566,4564,1034,209.12959381044487
4567,4566,1034,82.92069632495165
4567,5147,764,60.0
4568,4567,764,82.38219895287958
4571,8213,3,60.0
4574,4194,350,84.0
4577,4578,904,54.02654867256637
4578,3372,559,60.0
4578,6431,345,126.08695652173913
4579,5192,903,60.0
4582,2030,1018,60.0
4582,9828,762,33.46456692913386
4583,3882,628,151.71974522292993
4583,4582,1780,58.51685393258427
4584,4583,1018,65.89390962671905
4585,2371,497,236.37826961770622
4585,3884,369,362.1138211382114
4585,4584,1018,278.0157170923379
4586,3398,1515,167.16831683168317
4586,6652,845,52.72189349112426
4587,8418,90,236.66666666666666
4588,4587,90,126.66666666666667
4589,8793,1884,226.62420382165604
4589,9008,1916,60.0
4590,4589,1884,60.63694267515923
4590,5167,371,35.660377358490564
4590,5519,434,30.0
4590,8531,584,60.0
4591,4590,1387,318.86085075702954
4591,7595,434,129.67741935483872
4593,2373,394,60.0
4593,4266,1387,120.0
4594,5689,440,60.0
4595,2253,461,42.950108459869845
4595,5695,1,60.0
4596,4595,462,47.01298701298701
4597,4596,462,59.675324675324674
4598,5693,462,59.61038961038961
4599,4598,462,38.116883116883116
4600,4599,462,51.883116883116884
4601,6205,1,30.0
4601,6210,468,30.0
4602,5691,469,60.0
4603,4602,469,58.46481876332623
4604,5690,469,116.28997867803838
4605,4604,440,59.93181818181818
4606,4605,440,30.068181818181817
4607,5804,289,60.0
4608,4607,289,30.103806228373703
4609,5680,288,30.0
4610,5679,288,60.0
4611,4610,288,60.0
4612,5677,298,60.0
4613,5676,298,60.0
4614,4613,298,60.0
4615,4614,298,60.0
4616,5675,298,60.0
4617,4616,298,30.0
4618,4617,298,60.0
4619,4618,298,30.0
4620,5291,374,60.0
4624,5667,526,60.0
4626,5664,370,59.189189189189186
4627,4626,370,60.0
4628,5662,370,120.0
4629,4628,370,59.189189189189186
4630,4629,370,30.81081081081081
4631,4630,370,59.189189189189186
4632,5661,370,60.0
4633,4632,370,30.81081081081081
4634,4633,370,59.189189189189186
4642,5011,388,269.22680412371136
4646,9595,1,660.0
4646,9852,392,67.34693877551021
4647,3969,10,66.0
4647,3970,12,35.0
4648,5640,429,30.06993006993007
4649,4648,1,60.0
4650,5637,429,52.30769230769231
4651,4650,429,60.0
4652,4651,429,30.0
4653,4654,1,30.0
4654,5636,429,60.13986013986014
4655,5634,1,30.0
4656,5633,437,60.0
4657,4658,437,60.0
4658,4656,437,59.931350114416475
4659,4660,437,59.931350114416475
4660,5632,437,60.0
4661,4659,437,44.279176201373
4664,5629,345,53.04347826086956
4668,2190,96,60.0
4668,4676,478,40.98326359832636
4669,5077,186,52.74193548387097
4670,4669,186,60.0
4672,4670,186,74.51612903225806
4675,4672,184,60.0
4676,4677,478,120.0
4677,7557,478,240.0
4678,8425,5,60.0
4678,9567,390,58.84615384615385
4679,5142,391,60.0
4683,5605,391,38.8235294117647
4684,4683,391,51.1764705882353
4685,4684,391,48.87468030690537
4686,4685,391,41.12531969309463
4687,4688,391,60.0
4688,4689,391,40.051150895140665
4689,5604,391,49.948849104859335
4690,4083,2,60.0
4690,5603,391,48.87468030690537
4691,4902,330,49.36363636363637
4696,5588,400,45.375
4697,4696,400,51.375
4698,4697,400,39.0
4699,5587,400,43.125
4700,4699,400,55.5
4701,4700,400,34.5
4702,4701,400,60.0
4705,5586,400,60.0
4706,5620,400,54.375
4707,4706,400,39.375
4708,5584,400,38.85
4709,4708,400,51.15
4710,4709,400,44.475
4711,4710,400,59.775
4712,5582,788,69.8984771573604
4713,4721,1046,57.848948374760994
4718,8129,6,60.0
4719,4718,6,30.0
4720,4719,6,60.0
4721,7451,1046,39.69407265774379
4722,7892,1,60.0
4722,7956,432,76.94444444444444
4723,4152,621,39.468599033816425
4723,4722,433,55.70438799076212
4724,4723,622,55.659163987138264
4725,4724,622,31.44694533762058
4726,1917,2,2580.0
4726,2374,4,3600.0
4726,2543,4,3600.0
4726,2913,2,3600.0
4726,5790,4,1500.0
4726,6663,2,2700.0
4726,8585,2,3300.0
4728,4829,1,660.0
4729,4730,419,92.50596658711217
4730,2196,2,180.0
4730,3494,415,180.0
4730,9948,2,180.0
4731,4736,1440,38.625
4732,4733,439,47.5626423690205
4733,4734,439,42.4373576309795
4733,4786,2,60.0
4734,4786,417,60.0
4735,8508,706,150.5099150141643
4736,4085,1440,66.875
4737,2701,386,30.0
4737,9393,581,60.0
4738,9696,486,60.0
4739,7935,683,52.31332357247438
4740,4739,683,37.68667642752562
4741,7794,658,60.0
4742,4741,658,41.62613981762918
4743,4742,658,48.37386018237082
4744,4743,658,54.7112462006079
4745,7260,421,60.0
4746,4745,421,60.0
4747,6854,352,40.65340909090909
4748,4747,352,60.0
4749,4748,352,57.44318181818182
4750,8233,249,30.0
4751,4750,249,30.0
4752,4751,249,46.74698795180723
4753,4752,249,43.25301204819277
4753,4770,487,30.0
4754,4753,487,60.0
4755,4754,487,60.0
4755,9181,2,720.0
4756,4755,487,60.0
4757,4756,487,36.2217659137577
4759,4762,388,73.14432989690722
4760,4759,388,44.45876288659794
4761,4760,388,60.0
4762,5279,388,65.41237113402062
4763,5442,388,60.0
4764,9846,553,42.36889692585895
4765,6843,249,60.0
4766,4765,249,104.33734939759036
4767,4766,249,60.0
4768,8228,409,60.0
4769,8224,487,30.0
4770,4769,487,60.0
4771,8459,461,60.19522776572668
4772,4141,461,59.869848156182215
4773,6366,565,63.716814159292035
4774,3572,2,60.0
4774,5830,457,65.25164113785559
4775,4774,459,30.130718954248366
4776,4774,2,60.0
4776,4775,459,57.254901960784316
4777,4776,461,32.73318872017354
4778,4777,461,60.0
4779,4778,461,30.13015184381779
4780,8256,418,60.0
4781,9213,357,60.0
4782,4768,409,60.0
4783,4837,441,50.95238095238095
4784,3934,1,60.0
4784,3935,362,60.0
4785,9291,620,59.17741935483871
4786,4787,419,46.252983293556085
4787,4822,419,43.60381861575179
4788,9771,490,59.755102040816325
4789,5389,288,30.0
4789,6294,421,60.0
4790,4789,709,43.03244005641749
4791,6979,403,68.93300248138958
4792,7318,41,46.829268292682926
4793,2500,5,1380.0
4793,4158,20,108.0
4793,5831,434,835.4377880184331
4793,6065,579,372.8497409326425
4794,2123,583,35.60891938250429
4794,8447,490,36.183673469387756
4796,7698,352,223.4659090909091
4797,7698,420,289.14285714285717
4798,2709,487,239.75359342915812
4798,5563,249,268.67469879518075
4799,4891,457,59.01531728665208
4800,5524,357,65.71428571428571
4801,4800,357,64.2016806722689
4802,5558,382,117.80104712041884
4803,4802,382,43.1151832460733
4804,5556,382,68.95287958115183
4805,4804,382,45.54973821989529
4806,6905,357,60.0
4807,4806,357,49.15966386554622
4808,4828,357,60.0
4809,5531,357,34.45378151260504
4810,4809,357,60.0
4811,4810,357,56.97478991596638
4812,5551,382,51.910994764397905
4813,4812,382,53.87434554973822
4814,4813,382,56.230366492146594
4815,5550,382,32.67015706806283
4816,4815,382,43.58638743455497
4817,5534,357,60.0
4818,4817,357,40.168067226890756
4819,8518,683,60.0
4820,4819,683,60.0
4821,8395,683,54.773060029282576
4822,4823,419,46.39618138424821
4823,4889,419,31.43198090692124
4824,4820,658,60.0
4825,5533,357,42.52100840336134
4826,2303,8,2550.0
4826,4825,357,47.47899159663866
4826,4895,2,1680.0
4826,7377,4,1800.0
4826,7798,4,1800.0
4827,5532,357,56.97478991596638
4828,4827,357,34.45378151260504
4829,5549,382,44.68586387434555
4829,6119,1,60.0
4830,4829,382,47.98429319371728
4831,4830,382,50.10471204188482
4832,4210,4,52.5
4832,5548,382,42.4869109947644
4833,4832,386,37.2279792746114
4834,4833,386,52.84974093264249
4835,5547,386,60.0
4836,9452,1187,55.172704296545916
4837,4840,441,39.04761904761905
4838,4009,395,33.79746835443038
4839,4838,395,58.860759493670884
4840,3813,401,50.0498753117207
4840,9377,40,60.0
4841,6699,566,30.318021201413426
4842,8843,937,46.07257203842049
4843,8626,308,60.0
4844,6498,698,31.54727793696275
4845,9352,383,40.652741514360315
4846,7916,560,65.35714285714286
4847,8534,556,59.24460431654676
4848,3809,394,36.85279187817259
4848,8335,40,56.25
4849,5583,400,60.0
4849,7934,552,71.6304347826087
4850,5143,948,59.11392405063291
4851,5088,557,60.0
4852,4851,557,45.02692998204668
4853,4852,557,64.0394973070018
4854,6655,553,76.49186256781194
4856,5110,553,52.24231464737794
4857,5109,553,60.0
4858,4857,553,42.09764918625678
4858,8969,154,180.0
4859,6620,553,55.87703435804702
4860,5107,553,53.76130198915009
4861,5091,557,33.50089766606822
4862,4861,557,59.19210053859964
4863,4862,557,33.231597845601435
4864,4863,557,56.768402154398565
4865,4864,557,35.9245960502693
4866,5092,557,33.50089766606822
4867,5137,553,65.96745027124774
4868,5579,557,48.04308797127469
4869,4868,557,41.95691202872531
4870,5098,557,48.04308797127469
4871,4870,557,44.380610412926394
4872,4871,557,57.576301615798926
4873,5097,557,60.0
4874,4873,557,32.423698384201074
4875,5102,553,55.171790235081374
4876,4875,553,37.10669077757685
4877,4876,553,60.0
4878,5101,553,60.0
4879,4878,553,60.0
4880,6594,553,60.0
4881,4880,553,42.09764918625678
4882,7869,1128,54.9468085106383
4883,5094,557,60.0
4884,4883,557,56.60682226211849
4885,5104,553,60.0
4885,5739,557,60.0
4886,4885,1110,43.67567567567568
4887,6762,196,60.0
4889,4729,419,60.0
4891,9481,457,30.984682713347922
4892,4848,434,60.0
4893,4892,434,30.0
4895,4911,332,59.36746987951807
4896,4895,320,91.6875
4897,7541,418,60.0
4898,7604,4,1320.0
4898,9657,2,1320.0
4899,3565,315,60.0
4899,4210,4,1230.0
4899,5768,1,1560.0
4899,9137,1,120.0
4900,4899,4,60.0
4900,6502,21,52.857142857142854
4900,6570,2,30.0
4901,9560,321,30.093457943925234
4901,9562,16,60.0
4902,7788,332,47.80120481927711
4903,4901,337,50.474777448071215
4904,9520,331,60.0
4905,4893,434,60.0
4906,4905,414,31.44927536231884
4907,2849,866,60.069284064665126
4907,9515,320,60.0
4907,9932,2,120.0
4908,4210,4,1515.0
4908,5078,5,2340.0
4908,8318,316,120.0
4908,8653,5,2220.0
4909,4908,329,30.72948328267477
4910,8878,347,44.783861671469744
4911,2303,2,780.0
4911,4910,332,45.45180722891566
4912,6777,1,30.0
4915,9497,164,30.0
4916,2436,5,120.0
4916,9487,164,60.0
4918,5149,858,47.7972027972028
4919,3707,2,45.0
4920,4919,2,45.0
4921,1936,373,59.919571045576404
4921,4920,1,30.0
4922,4921,374,30.16042780748663
4923,4844,321,57.19626168224299
4924,4923,321,59.90654205607477
4929,4753,249,30.0
4930,9215,257,60.0
4931,4782,409,60.0
4932,4931,409,60.0
4933,4906,414,58.55072463768116
4934,4155,2545,180.0
4935,6445,423,55.744680851063826
4937,9454,324,30.0
4938,1902,236,58.728813559322035
4938,7729,353,35.09915014164306
4940,4781,357,60.0
4941,2250,140,60.0
4941,6602,406,151.0344827586207
4942,8859,346,53.49710982658959
4943,4942,1,60.0
4943,5861,346,60.0
4944,5462,497,60.0
4945,6989,441,50.95238095238095
4946,4945,441,55.91836734693877
4947,9920,865,40.40462427745665
4948,9324,173,30.0
4949,4948,173,60.0
4950,4949,173,30.0
4951,3963,173,30.0
4952,4951,173,30.0
4953,4952,173,60.0
4968,2845,865,132.0693641618497
4977,7965,1320,68.4090909090909
4978,9376,348,60.0
4979,9488,164,60.0
4981,2433,324,60.0
4982,9361,502,46.852589641434264
4983,4982,502,45.2390438247012
4984,4983,502,60.0
4985,8874,432,97.36111111111111
4986,4985,432,60.0
4988,4147,800,82.5
4989,5946,409,60.293398533007334
4991,4920,1,180.0
4991,9951,377,60.0
4992,3707,305,73.77049180327869
4993,9614,590,60.0
5002,8842,940,41.45744680851064
5005,7466,964,56.82572614107884
5007,5504,365,54.657534246575345
5007,6726,329,54.52887537993921
5008,5009,647,55.96599690880989
5009,5051,647,70.66460587326121
5010,8846,647,54.80680061823802
5011,8852,1951,49.528446950281904
5012,8026,1582,61.89633375474084
5013,8021,1609,114.40646364201368
5014,3954,937,45.91248665955176
5015,5014,937,38.64461045891142
5016,5015,937,60.32017075773746
5017,6608,290,39.827586206896555
5017,7876,647,99.41267387944359
5019,7325,534,41.57303370786517
5020,5106,553,48.499095840867994
5021,5020,553,42.36889692585895
5022,5023,1029,47.31778425655977
5023,8820,1029,40.99125364431487
5024,7486,1029,55.53935860058309
5026,8806,647,39.08809891808346
5027,8805,662,60.0
5028,8807,662,60.0
5029,7479,1043,41.67785234899329
5030,8815,1043,41.93672099712368
5032,5021,553,47.63110307414105
5033,4866,557,60.0
5036,9141,940,54.734042553191486
5037,5039,1586,60.09457755359395
5038,5100,553,60.0
5039,5040,1057,86.84957426679281
5039,5651,550,259.5272727272727
5039,5669,374,348.7700534759358
5040,5041,662,51.97885196374622
5040,6349,395,51.64556962025316
5041,5042,662,75.40785498489426
5042,8019,809,77.57725587144623
5043,5044,662,73.68580060422961
5044,5045,662,63.30815709969789
5045,7669,662,52.43202416918429
5048,6855,662,64.98489425981873
5051,8839,647,52.48840803709428
5056,5057,184,126.52173913043478
5057,3804,596,120.0
5057,9805,1489,85.1040967092008
5058,8847,843,53.66548042704626
5061,8264,499,60.0
5062,8267,912,84.90131578947368
5063,5064,659,57.99696509863429
5063,6194,413,60.0
5063,7865,861,60.0
5064,8834,659,48.30045523520486
5065,8836,1202,58.60232945091514
5066,5067,659,60.0
5066,5068,543,60.0
5067,5069,1181,82.35393734123625
5068,6170,543,111.60220994475138
5069,5070,1181,55.40220152413209
5070,8863,1181,52.96359017781541
5071,8866,650,54.23076923076923
5072,4947,870,60.0
5072,5073,650,69.32307692307693
5073,2857,517,31.450676982591876
5073,9816,650,149.16923076923078
5074,5825,60,37.5
5074,8118,457,60.0
5077,8867,186,74.51612903225806
5078,8653,5,240.0
5079,3389,650,60.0
5079,7251,186,105.48387096774194
5082,8105,534,57.80898876404494
5084,3392,662,64.98489425981873
5084,5086,1414,272.88543140028287
5085,6665,439,60.0
5086,6656,1701,131.64021164021165
5087,5113,1686,73.38078291814946
5088,5090,557,35.11669658886894
5089,4853,557,61.077199281867145
5089,112112,1,120.0
5090,4865,557,54.88330341113106
5091,5787,557,56.49910233393178
5092,5093,557,59.19210053859964
5093,4884,557,39.31777378815081
5094,5095,557,32.423698384201074
5095,4882,1128,52.07446808510638
5096,4874,557,41.95691202872531
5097,4872,557,48.04308797127469
5098,4869,557,60.0
5100,4879,553,60.0
5101,4877,553,55.171790235081374
5102,8999,553,57.721518987341774
5103,4886,1110,78.97297297297297
5104,4881,553,60.0
5105,4867,553,53.76130198915009
5106,4860,553,44.48462929475588
5107,4859,553,37.10669077757685
5108,5378,390,170.76923076923077
5109,4856,553,39.65641952983725
5110,4854,553,64.99095840867993
5111,5087,1686,53.96797153024911
5113,6669,1686,138.18505338078293
5114,5484,2,60.0
5115,5120,1128,294.468085106383
5118,5120,504,66.54761904761905
5120,6523,576,94.375
5120,6974,1056,125.22727272727273
5122,5124,552,161.95652173913044
5122,5304,504,158.92857142857142
5123,4040,365,54.73972602739726
5124,4849,952,86.28151260504201
5127,7540,231,60.0
5128,4847,556,30.593525179856115
5129,8535,556,41.330935251798564
5130,8659,556,30.809352517985612
5131,8661,556,56.169064748201436
5132,3725,1,180.0
5132,4571,3,30.0
5132,8018,557,56.28366247755835
5133,8017,560,53.892857142857146
5134,8540,560,47.732142857142854
5136,5138,1063,44.92944496707432
5137,5032,553,42.36889692585895
5138,5140,3,60.0
5138,5288,168,93.92857142857143
5138,7918,1060,60.0
5140,7919,3,120.0
5142,4850,948,53.10126582278481
5143,5144,1410,121.95744680851064
5144,5146,1417,72.78757939308397
5145,4080,476,59.8109243697479
5146,5147,955,134.32460732984293
5146,9030,462,97.40259740259741
5147,5084,1219,108.97456931911402
5147,5385,1226,84.66557911908646
5147,9957,398,76.80904522613065
5148,7442,30,500.0
5149,2844,858,126.64335664335664
5150,6658,857,40.081680280046676
5151,8738,857,60.0
5153,6662,857,46.767794632438736
5154,8746,857,60.0
5155,8747,857,47.29288214702451
5156,5579,1533,201.36986301369862
5156,7535,1359,58.45474613686534
5157,1802,434,45.55299539170507
5157,5168,15,60.0
5157,5266,576,60.0
5157,5579,1344,60.0
5157,7626,137,58.02919708029197
5159,8619,887,59.898534385569334
5160,5161,835,59.82035928143713
5161,5162,860,42.66279069767442
5162,5163,860,58.95348837209303
5163,8622,860,59.616279069767444
5164,5165,584,57.68835616438356
5165,5166,584,49.36643835616438
5165,6199,493,56.89655172413793
5166,4590,955,45.95811518324607
5167,4589,835,59.4251497005988
5167,6201,371,60.0
5167,9066,25,60.0
5169,8500,865,43.664739884393065
5170,8748,835,52.74251497005988
5171,4586,1515,230.93069306930693
5171,8418,369,203.41463414634146
5171,8749,835,56.91017964071856
5172,4586,835,54.4311377245509
5175,6654,845,66.07100591715977
5176,6655,845,52.15384615384615
5178,5645,647,301.112828438949
5178,9921,845,312.07100591715977
5179,4060,2,1140.0
5179,6875,1,660.0
5179,8840,2,1260.0
5181,3788,374,83.2620320855615
5181,5183,1133,50.94439541041483
5183,7307,1357,54.826823876197494
5184,7308,1357,53.74355195283714
5186,8735,842,60.0
5187,8723,202,55.99009900990099
5189,8717,842,50.16627078384798
5190,8708,842,41.757719714964374
5191,8710,885,48.101694915254235
5191,8711,138,114.78260869565217
5192,5762,279,120.0
5192,6950,1485,35.17171717171717
5192,6951,903,45.21594684385382
5193,6951,181,60.0
5195,8699,630,38.80952380952381
5196,8701,630,47.857142857142854
5198,5199,630,31.523809523809526
5199,8691,630,58.476190476190474
5200,8683,630,73.80952380952381
5204,5205,643,43.576982892690516
5205,2214,2,2340.0
5205,2363,4,2100.0
5205,6239,2,1440.0
5205,8688,646,50.89783281733746
5205,9201,2,600.0
5206,5207,643,60.0
5206,6289,3,50.0
5206,7589,222,349.18918918918916
5207,5911,643,38.911353032659406
5208,8696,643,60.0
5209,8698,643,43.62363919129083
5210,5192,643,60.0
5211,8703,1013,56.32773938795656
5212,8705,199,53.36683417085427
5214,8715,827,40.37484885126965
5215,8720,202,59.10891089108911
5216,8731,202,48.86138613861386
5216,8732,640,59.15625
5217,7733,1366,120.43923865300147
5218,7846,1366,76.91068814055637
5219,5133,560,76.60714285714286
5220,7151,382,45.15706806282723
5221,4931,8,1920.0
5221,5976,852,48.62676056338028
5221,9189,2,360.0
5222,7145,2,30.0
5224,8045,576,74.11458333333333
5229,8969,576,32.291666666666664
5230,5493,576,57.708333333333336
5231,7433,744,30.0
5232,7434,744,60.0
5233,9003,576,57.1875
5234,8994,576,60.0
5235,9000,576,54.6875
5236,8980,576,54.6875
5237,7432,741,49.27125506072875
5238,5555,382,68.95287958115183
5239,6339,1649,50.12128562765312
5240,8973,1320,46.61363636363637
5241,8963,576,60.0
5242,8965,576,52.96875
5243,8967,576,60.0
5244,8962,576,79.79166666666667
5245,2309,576,48.125
5247,7316,41,43.90243902439025
5248,7250,41,120.0
5251,7293,382,87.17277486910994
5252,2902,184,66.52173913043478
5252,5254,950,166.0421052631579
5253,7294,576,32.34375
5254,5941,576,46.979166666666664
5254,8528,374,50.61497326203209
5255,6071,576,106.45833333333333
5256,6564,576,63.125
5257,7407,576,57.65625
5258,6837,576,53.489583333333336
5259,7295,576,60.0
5260,8991,576,50.572916666666664
5261,5262,576,57.34375
5262,8993,576,63.125
5263,9017,576,58.90625
5264,2517,807,170.55762081784385
5265,4589,576,60.0
5266,5268,576,60.0
5268,9010,1206,58.78109452736319
5269,5270,576,70.20833333333333
5269,5737,630,55.476190476190474
5270,9584,576,44.166666666666664
5271,8987,576,42.96875
5272,8989,576,55.520833333333336
5273,8982,576,54.895833333333336
5274,5275,576,60.0
5275,6583,576,60.0
5276,6708,576,53.4375
5277,5777,576,56.770833333333336
5279,5005,964,210.12448132780082
5280,6544,439,32.73348519362187
5281,5415,382,81.20418848167539
5281,5949,367,51.58038147138964
5282,5642,339,60.0
5284,5285,357,40.588235294117645
5284,5387,414,60.0
5285,7930,357,49.57983193277311
5286,5302,344,60.0
5287,7932,467,142.09850107066381
5288,5290,1029,50.96209912536443
5289,5480,2,60.0
5290,5291,462,69.74025974025975
5290,5616,567,61.05820105820106
5291,8089,836,64.80861244019138
5292,8093,374,89.67914438502673
5293,5394,748,60.0
5293,7067,774,41.08527131782946
5295,6548,456,30.0
5298,5934,526,46.02661596958175
5299,8200,836,88.49282296650718
5300,2490,972,58.54938271604938
5302,2613,344,60.0
5303,5118,504,60.0
5303,5300,184,55.92391304347826
5304,8665,892,94.77578475336323
5305,7415,1064,60.0
5307,8767,504,44.107142857142854
5308,8770,504,60.0
5309,8759,504,44.107142857142854
5310,9695,504,49.166666666666664
5311,5312,504,30.0
5312,8785,504,60.0
5313,8779,504,51.07142857142857
5315,6866,504,522.5
5315,7264,1,120.0
5316,6995,778,180.0
5317,8772,503,60.0
5318,8776,503,60.0
5319,8755,503,59.70178926441352
5320,8783,503,60.0
5321,8763,503,109.20477137176938
5322,8766,503,35.24850894632207
5325,5327,503,59.70178926441352
5326,3956,358,120.0
5326,5491,2,480.0
5326,6862,1,480.0
5326,8840,1,1080.0
5327,7315,503,96.62027833001989
5328,5608,391,55.549872122762146
5329,7315,422,60.0
5331,5332,862,60.0
5331,5623,168,123.57142857142857
5332,8753,862,36.50812064965197
5333,5334,862,55.127610208816705
5334,5335,862,34.907192575406036
5335,8788,862,62.50580046403712
5336,5337,464,38.599137931034484
5337,5338,464,54.375
5337,6679,398,60.0
5338,6679,464,35.49568965517241
5339,5340,464,60.0
5340,5341,464,56.831896551724135
5341,5342,464,40.991379310344826
5342,5343,464,51.98275862068966
5343,5344,464,38.66379310344828
5344,5345,464,51.33620689655172
5345,5346,464,38.66379310344828
5346,5348,464,62.133620689655174
5347,4791,400,55.875
5348,5373,464,56.25
5349,5350,462,60.0
5350,8750,462,34.22077922077922
5351,5352,462,37.79220779220779
5352,5353,462,53.83116883116883
5353,5354,462,60.0
5354,5355,462,38.76623376623377
5355,5356,462,53.83116883116883
5356,5357,462,37.79220779220779
5357,5358,462,58.37662337662338
5358,5359,462,53.83116883116883
5359,5360,462,40.38961038961039
5360,5361,462,60.0
5361,8789,861,63.62369337979094
5363,5364,462,35.84415584415584
5364,5365,399,60.0
5364,8786,462,55.77922077922078
5365,5366,861,49.37282229965157
5366,5367,861,52.12543554006969
5367,5368,861,47.87456445993031
5368,5369,861,50.87108013937282
5369,5370,861,44.8780487804878
5370,8752,861,60.0
5371,5372,20,120.0
5371,7600,444,54.5945945945946
5372,5454,20,60.0
5373,5374,464,36.27155172413793
5374,5375,464,56.702586206896555
5375,8751,464,51.5301724137931
5376,6882,493,54.88843813387424
5378,8043,390,70.0
5380,8040,390,60.0
5381,6535,175,60.0
5382,5497,55,60.0
5383,8106,96,69.375
5385,2491,463,60.0
5385,4583,762,60.0
5387,7838,414,58.55072463768116
5388,5834,414,55.289855072463766
5389,7822,288,60.0
5390,7824,288,60.0
5391,7819,288,242.08333333333334
5392,7826,288,30.0
5393,5395,288,60.0
5394,6750,381,60.0
5394,6751,589,60.0
5394,6752,344,60.0
5394,6833,367,60.0
5395,4790,709,47.81382228490832
5396,7836,422,37.464454976303315
5397,7834,422,105.07109004739337
5398,3841,368,60.0
5398,4007,334,60.0
5400,8033,537,40.55865921787709
5401,9335,572,120.0
5402,8474,572,48.14685314685315
5403,8476,440,49.97727272727273
5405,5042,147,60.0
5406,5169,865,96.48554913294798
5407,5697,572,32.36013986013986
5408,8467,816,67.3529411764706
5409,4033,814,32.285012285012286
5410,4028,814,49.533169533169534
5412,5190,842,53.58669833729216
5412,9678,531,54.067796610169495
5415,6978,382,60.0
5419,6738,1,30.0
5419,7475,1,30.0
5420,5328,391,44.04092071611253
5423,8718,531,60.0
5424,3472,381,60.0
5425,4043,746,44.47721179624665
5428,7740,550,93.27272727272727
5429,4036,421,31.140142517814727
5430,5409,814,117.42014742014742
5431,5464,1366,115.34407027818447
5432,8649,456,30.0
5433,5698,421,57.149643705463184
5434,4773,565,54.15929203539823
5435,8030,395,60.0
5436,8053,395,60.0
5437,8054,395,50.81012658227848
5438,5590,374,39.786096256684495
5439,5810,374,81.65775401069519
5440,5571,398,60.0
5441,5589,388,60.0
5442,4761,388,54.81958762886598
5443,4590,497,180.0
5445,4107,589,50.32258064516129
5445,6614,344,52.151162790697676
5448,5451,367,145.34059945504086
5451,7419,535,47.21495327102804
5452,5084,842,126.41330166270784
5452,9957,288,60.0
5453,5455,367,35.3133514986376
5453,6646,147,60.0
5453,6729,168,85.0
5454,7448,20,30.0
5455,2803,325,93.6
5455,5457,367,60.0
5455,5663,40,177.0
5455,5701,438,120.0
5457,5459,367,60.0
5458,3618,386,60.0
5459,7423,684,54.86842105263158
5460,3900,497,473.23943661971833
5461,7937,367,60.0
5462,5460,497,60.0
5463,5443,497,60.0
5464,5452,1130,71.15044247787611
5464,5645,236,112.37288135593221
5465,7319,41,60.0
5466,5239,1320,61.0
5467,4046,327,48.71559633027523
5468,5463,497,68.51106639839034
5469,7054,1360,38.88970588235294
5470,3645,550,139.52727272727273
5471,9939,10,120.0
5472,4932,409,60.0
5473,7101,528,42.10227272727273
5474,6851,1360,48.75
5474,6862,1,30.0
5475,5472,409,120.0
5476,7107,946,43.0338266384778
5477,8219,357,30.0
5478,7099,783,60.0
5479,4940,357,60.0
5480,7235,2,30.0
5481,6985,41,594.1463414634146
5483,7418,682,43.68035190615836
5484,7097,942,40.57324840764331
5484,9995,2,60.0
5485,5999,186,47.41935483870968
5486,4037,595,60.0
5486,7095,327,47.981651376146786
5487,5505,40,150.0
5487,7429,165,60.72727272727273
5488,7098,1413,45.30785562632696
5489,8840,1,720.0
5490,5491,329,97.56838905775076
5490,5945,550,102.65454545454546
5490,6862,1,300.0
5491,7103,1393,39.906676238334526
5492,6864,469,180.0
5493,5231,744,60.0
5493,5481,39,120.0
5494,7058,924,46.72077922077922
5495,4050,329,69.11854103343465
5497,5383,96,55.9375
5498,5745,1338,44.73094170403587
5502,5237,741,71.57894736842105
5502,5487,40,112.5
5503,7964,365,39.78082191780822
5504,7426,687,38.951965065502186
5505,5508,365,60.0
5505,6626,41,172.6829268292683
5508,5509,365,53.0958904109589
5508,5735,1049,107.53098188751191
5508,6646,278,60.0
5509,6580,147,120.0
5509,7416,528,82.61363636363636
5510,5277,576,39.322916666666664
5511,7417,528,53.57954545454545
5512,7238,457,60.0
5513,5515,365,130.68493150684932
5513,5622,163,120.0
5514,5007,694,36.05187319884726
5515,3450,365,106.1917808219178
5519,4589,463,60.0
5519,5579,30,60.0
5519,6201,434,60.0
5520,7340,357,55.21008403361345
5521,5522,357,83.36134453781513
5522,5523,357,60.0
5522,5574,224,120.0
5523,4801,357,60.33613445378151
5524,4807,357,78.31932773109244
5525,5528,186,60.0
5525,6342,357,60.0
5526,5990,462,52.4025974025974
5528,7590,382,60.0
5528,7715,196,60.0
5529,7277,357,60.67226890756302
5530,4811,357,42.857142857142854
5531,4808,357,55.88235294117647
5532,4826,357,42.857142857142854
5533,4818,357,50.168067226890756
5534,3962,357,60.0
5535,5536,357,49.57983193277311
5536,8555,357,40.42016806722689
5537,6462,222,77.56756756756756
5537,9150,314,114.26751592356688
5542,5544,1,60.0
5542,8555,541,35.822550831792974
5543,3620,1,60.0
5543,3655,2,60.0
5544,5545,386,41.89119170984456
5545,5546,386,48.26424870466321
5546,4835,386,60.15544041450777
5547,4834,386,59.92227979274612
5548,4831,382,51.910994764397905
5549,4816,382,57.32984293193717
5550,4814,382,60.0
5551,5552,382,60.0
5552,5528,382,84.9738219895288
5553,7715,531,60.0
5554,5238,382,43.58638743455497
5555,4805,382,61.41361256544503
5556,5557,618,55.53398058252427
5556,5574,120,60.0
5557,3474,236,120.0
5557,4803,382,51.12565445026178
5558,6797,382,87.01570680628272
5559,3905,358,125.02793296089385
5559,5560,382,68.95287958115183
5560,5251,382,101.46596858638743
5563,5565,249,43.25301204819277
5563,7259,352,40.65340909090909
5564,6292,457,60.0
5565,4119,249,46.74698795180723
5566,9227,249,93.49397590361446
5567,9238,249,46.74698795180723
5568,9236,257,35.13618677042802
5569,9237,257,49.37743190661479
5570,9229,257,51.71206225680934
5571,5441,398,30.0
5572,5573,224,180.0
5573,5522,224,60.0
5574,5979,354,97.96610169491525
5575,5556,356,44.747191011235955
5579,4458,1533,96.71232876712328
5579,5806,1350,60.0
5579,8634,584,60.0
5580,7380,382,60.0
5581,4712,788,60.0
5581,5183,224,120.0
5582,5124,400,71.25
5582,5304,388,69.27835051546391
5583,4711,400,38.85
5584,4707,400,56.25
5585,3377,400,44.25
5586,4702,400,30.0
5587,4698,400,51.0
5588,5347,400,57.375
5589,5601,388,39.27835051546392
5590,4157,374,50.213903743315505
5592,3966,922,42.81995661605206
5593,2255,931,79.65628356605801
5594,7817,288,62.083333333333336
5598,3860,4,1500.0
5598,6250,4,960.0
5598,6311,327,48.89908256880734
5598,6885,2,1380.0
5598,6898,4,840.0
5598,9762,1033,49.13843175217812
5599,6976,1506,44.16334661354582
5600,6574,40,36.0
5600,8874,502,60.0
5601,5756,388,60.0
5602,5475,409,60.0
5603,4687,391,49.948849104859335
5604,4686,391,48.87468030690537
5605,5606,391,38.8235294117647
5606,3374,391,60.0
5608,4679,391,76.11253196930946
5610,5485,186,60.0
5611,4675,184,95.54347826086956
5612,7611,459,60.0
5613,4290,370,120.0
5613,6664,1,120.0
5615,7646,386,180.0
5616,5617,168,88.57142857142857
5616,5671,399,71.2781954887218
5617,5451,168,132.5
5618,7422,168,58.214285714285715
5619,7420,168,31.785714285714285
5620,5585,400,56.25
5621,7431,165,60.72727272727273
5622,7857,163,60.0
5623,5138,168,60.0
5624,5626,428,120.0
5626,9172,1019,60.0
5629,5630,345,36.95652173913044
5630,6099,762,120.0
5630,9180,345,60.0
5631,4661,437,50.93821510297483
5632,4657,437,45.78947368421053
5633,2880,436,44.24311926605505
5633,4655,1,60.0
5634,5635,1,60.0
5634,6425,429,60.0
5635,4653,1,60.0
5636,4652,429,60.0
5637,5638,429,37.76223776223776
5638,4648,428,104.57943925233644
5638,4649,1,30.0
5639,3785,370,120.0
5640,8704,1,600.0
5640,9179,1024,59.12109375
5641,5643,1024,60.0
5642,6102,339,30.088495575221238
5643,6097,436,64.12844036697248
5643,6420,160,60.0
5643,6440,428,60.0
5645,6523,883,58.30124575311438
5648,7857,397,60.0
5651,5470,550,86.50909090909092
5656,6913,305,59.01639344262295
5660,7462,302,38.443708609271525
5661,4631,370,59.5945945945946
5662,4627,370,30.405405405405407
5663,5493,39,300.0
5663,5618,168,36.785714285714285
5663,5742,1,120.0
5664,3645,370,60.0
5667,5011,526,327.9467680608365
5669,5670,374,41.79144385026738
5670,4620,374,54.38502673796791
5671,8649,399,135.6390977443609
5673,5674,287,60.0
5674,4619,298,60.0
5675,4615,298,30.0
5676,4612,298,60.0
5677,5678,298,60.0
5677,5707,439,34.16856492027335
5678,9412,727,50.17881705639615
5679,4609,288,60.0
5680,4608,289,60.0
5682,3795,550,60.0
5682,3797,391,120.0
5683,8678,348,60.0
5684,6979,1090,104.53211009174312
5685,7882,593,45.177065767284994
5686,3765,931,47.432867883995705
5688,8067,355,60.0
5689,4606,440,60.0
5689,6205,2,780.0
5690,4603,469,31.85501066098081
5691,4601,469,60.0
5692,4600,462,54.8051948051948
5693,2565,461,52.25596529284165
5693,5694,1,60.0
5694,4597,1,30.0
5695,4594,1,30.0
5696,7392,125,51.6
5697,5774,1097,283.53691886964447
5698,2654,421,60.0
5699,4032,154,60.0
5700,6658,45,302.6666666666667
5700,7442,15,300.0
5701,9404,438,60.0
5701,9407,917,161.87568157033806
5702,9407,438,64.79452054794521
5703,8214,438,34.794520547945204
5703,8215,917,49.89094874591058
5704,9409,438,62.054794520547944
5705,9411,439,34.783599088838265
5706,5677,439,59.93166287015946
5707,2254,438,60.0
5707,9417,1,120.0
5708,5709,439,59.93166287015946
5709,5710,439,43.735763097949885
5709,6018,2,420.0
5710,7511,439,54.80637813211845
5711,7503,754,46.23342175066313
5712,5726,439,64.1002277904328
5713,7519,125,60.0
5714,7524,125,60.0
5715,7390,751,73.74167776298269
5716,7579,751,76.37816245006658
5717,8384,687,60.0
5718,2802,890,432.0
5719,7571,1061,57.05937794533459
5720,7917,634,30.0
5720,9072,164,31.829268292682926
5721,7396,890,70.92134831460675
5722,2158,120,90.0
5722,7397,770,78.0
5723,7525,120,35.0
5724,7515,120,40.0
5724,7523,505,32.67326732673267
5725,5713,125,60.0
5725,9422,439,60.0
5726,7526,758,53.11345646437995
5727,6046,1,60.0
5727,7510,439,114.53302961275627
5728,9418,440,60.0
5729,9414,440,60.0
5730,5731,890,120.0
5730,9424,439,53.50797266514807
5731,5732,890,46.853932584269664
5731,9428,439,56.583143507972665
5732,9429,439,60.0
5732,9430,890,95.73033707865169
5733,9433,439,72.4373576309795
5734,2803,890,104.49438202247191
5734,5508,439,82.00455580865604
5735,9400,1340,126.6268656716418
5737,9027,630,47.76190476190476
5738,9045,1135,50.72246696035242
5739,9035,557,57.576301615798926
5740,8552,557,39.80251346499102
5741,9039,1327,50.45968349660889
5742,8975,1338,46.95067264573991
5742,8976,1,60.0
5743,7870,459,60.0
5744,8979,1663,55.72459410703548
5745,7053,1705,51.27272727272727
5746,8464,1114,66.43626570915619
5749,4039,1510,52.7682119205298
5750,5752,1004,74.4621513944223
5751,7451,414,60.0
5752,5754,1327,70.17332328560663
5752,6670,439,114.53302961275627
5753,3955,346,47.861271676300575
5753,6401,231,60.0
5754,8368,762,233.0708661417323
5754,9077,565,75.50442477876106
5756,4763,388,50.79896907216495
5757,5758,1115,85.45291479820628
5758,5759,565,290.4424778761062
5758,9677,550,259.6363636363636
5759,5760,565,77.84070796460178
5760,7954,565,41.78761061946903
5761,4579,903,50.36544850498339
5762,5763,895,161.6312849162011
5762,6953,904,60.0
5763,3372,616,120.0
5763,4577,904,58.506637168141594
5763,7592,279,360.0
5764,5684,1090,60.0
5765,8426,836,51.961722488038276
5767,5769,764,134.92146596858638
5767,7414,1028,52.82101167315175
5768,4911,2,2220.0
5768,5770,572,64.72027972027972
5768,6670,3,240.0
5768,6968,2,1560.0
5769,4568,764,320.1047120418848
5769,6349,572,256.8881118881119
5769,6504,456,180.0
5770,5797,572,57.11538461538461
5771,2933,388,60.0
5771,9903,1833,52.716857610474634
5772,4038,1876,127.16417910447761
5773,6931,662,60.0
5774,8465,1097,77.44758432087511
5775,8653,10,1080.0
5776,3389,20,1068.0
5776,8653,5,1308.0
5777,5918,576,51.354166666666664
5778,5123,365,59.178082191780824
5778,5466,1320,69.0
5779,9049,1322,60.0
5780,9061,571,59.63222416812609
5781,9032,571,57.635726795096325
5782,5095,571,59.527145359019265
5783,3491,4,3000.0
5783,3700,6,2400.0
5783,9015,1147,52.7027027027027
5784,6324,1,60.0
5784,7983,2,30.0
5785,5799,557,53.10592459605027
5786,7901,1609,48.70105655686762
5787,5785,557,33.50089766606822
5788,7905,1565,47.94249201277955
5789,6569,866,155.1270207852194
5789,7712,810,156.07407407407408
5789,7764,917,121.24318429661942
5790,4563,554,60.0
5790,5796,4,1200.0
5791,7609,554,60.0
5792,5685,553,81.80831826401446
5792,7283,2,60.0
5793,7886,593,54.63743676222597
5794,4764,553,35.53345388788427
5795,4561,553,60.0
5796,6351,3,1500.0
5797,3382,572,83.7062937062937
5798,7373,96,54.375
5799,5033,557,60.0
5800,4560,1558,59.9614890885751
5801,4558,1556,38.386889460154244
5802,5829,367,51.98910081743869
5803,6781,402,30.0
5804,5089,1,120.0
5804,6655,288,120.0
5806,5159,887,118.17361894024803
5806,5807,493,60.0
5807,6202,493,38.21501014198783
5808,7110,231,58.05194805194805
5809,5784,3,60.0
5810,5832,374,39.38502673796791
5811,5222,2,1080.0
5811,7113,323,33.90092879256966
5812,7115,325,33.87692307692308
5813,7172,324,47.77777777777778
5813,7174,1,120.0
5814,7180,326,33.40490797546012
5815,7147,3,30.0
5816,4282,855,51.92982456140351
5818,7178,323,50.9907120743034
5819,7179,323,60.0
5820,7116,322,39.037267080745345
5821,6737,321,60.0
5821,7290,1,30.0
5821,7644,2,180.0
5822,5823,321,50.93457943925234
5822,6085,1,60.0
5823,7120,324,43.148148148148145
5824,5488,321,300.0
5824,5930,1,480.0
5824,7092,1,600.0
5824,8840,1,1500.0
5825,5885,408,60.0
5825,9768,60,100.0
5826,7121,238,60.0
5827,7122,238,60.0
5829,7088,1026,57.54385964912281
5830,2696,457,240.0
5830,4941,140,518.5714285714286
5830,9297,557,785.9245960502693
5831,5859,434,30.34562211981567
5832,8442,374,50.61497326203209
5833,5300,788,55.545685279187815
5834,4542,414,34.710144927536234
5835,5390,288,60.0
5835,5836,414,60.0
5836,6488,414,46.231884057971016
5837,4541,414,30.0
5838,4538,414,31.81159420289855
5839,4536,539,43.85899814471243
5840,2397,125,180.0
5840,6915,414,116.3768115942029
5841,4548,414,60.0
5842,8171,909,52.34323432343234
5843,5844,488,60.0
5844,8202,488,48.872950819672134
5845,4529,487,60.0
5846,4526,778,48.8560411311054
5847,5848,778,48.8560411311054
5848,7586,778,41.1439588688946
5850,5852,790,60.0
5852,3837,392,60.0
5852,6696,398,41.08040201005025
5853,2181,807,41.52416356877323
5853,9937,2,30.0
5855,4522,809,55.29048207663782
5856,4521,486,60.0
5857,5858,486,38.95061728395062
5858,4520,2,60.0
5858,9610,484,58.14049586776859
5859,8680,891,59.831649831649834
5861,4942,346,36.50289017341041
5862,4511,541,34.71349353049908
5863,4508,421,36.76959619952494
5863,7753,120,180.0
5864,4507,421,32.13776722090261
5865,4505,421,30.0
5866,4503,421,62.850356294536816
5867,4502,462,49.61038961038961
5868,4500,462,60.0
5869,4498,467,60.0
5870,2508,467,54.154175588865094
5871,4496,756,60.0
5872,5873,1673,75.9593544530783
5872,6227,229,274.3231441048035
5873,5874,1533,58.43444227005871
5873,6227,140,57.857142857142854
5874,9480,1533,50.0
5875,5876,542,89.00369003690037
5875,6168,442,73.57466063348416
5876,4494,542,60.0
5877,4492,955,58.58638743455497
5878,4491,542,60.0
5879,4486,542,56.95571955719557
5880,4485,542,60.0
5881,4484,807,52.41635687732342
5882,5883,408,57.94117647058823
5883,4482,408,43.89705882352941
5885,4481,408,60.0
5886,4479,408,39.19117647058823
5887,4477,408,50.80882352941177
5888,4475,55,120.0
5888,4476,408,50.44117647058823
5889,4474,408,60.0
5890,6688,408,79.11764705882354
5892,8795,408,46.10294117647059
5893,3767,531,60.56497175141243
5894,4470,778,43.26478149100257
5895,4467,577,60.0
5896,4466,577,49.237435008665514
5897,4463,577,49.237435008665514
5898,4461,577,60.0
5899,5900,577,85.16464471403813
5900,5901,1019,88.2630029440628
5901,6761,549,82.51366120218579
5901,7770,1019,65.94700686947988
5902,8141,1887,49.252782193958666
5905,5952,391,77.6470588235294
5907,5448,367,66.53950953678473
5907,5648,397,124.53400503778337
5907,8038,439,284.2824601366743
5909,7193,946,40.02114164904862
5910,7198,572,38.91608391608391
5911,9196,643,52.30171073094868
5912,7189,170,60.0
5913,7216,572,45.41958041958042
5916,7229,570,43.68421052631579
5917,7185,170,54.705882352941174
5918,2024,576,52.5
5919,3473,170,60.0
5920,5928,2,60.0
5921,7194,944,49.353813559322035
5922,5114,1,60.0
5922,7106,1173,66.39386189258312
5928,7682,1,180.0
5928,7991,1,30.0
5930,3492,4,1560.0
5930,6556,4,1020.0
5931,3990,365,40.273972602739725
5934,7061,526,54.866920152091254
5935,7072,526,47.452471482889734
5936,4026,231,60.0
5937,7589,542,60.0
5938,5279,576,45.15625
5939,5958,442,60.0
5940,2516,327,60.0
5940,6296,1114,82.13644524236985
5941,5255,576,43.802083333333336
5942,7093,1417,55.00352858151023
5943,5602,409,60.0
5944,5445,344,128.72093023255815
5945,7073,550,38.67272727272727
5946,5943,409,60.0
5949,3988,367,47.002724795640326
5950,7010,1026,54.06432748538012
5951,3986,367,46.67574931880109
5952,5420,391,86.39386189258312
5953,4052,238,30.0
5954,7094,1408,46.29971590909091
5955,8392,314,80.06369426751593
5956,7960,314,77.19745222929936
5957,7961,1027,61.75267770204479
5958,8600,442,40.85972850678733
5959,9159,319,60.0
5960,9160,319,105.8934169278997
5962,8313,321,59.81308411214953
5963,8285,321,60.0
5964,8286,321,60.0
5965,8289,321,60.0
5966,8290,321,44.39252336448598
5967,5968,319,60.0
5968,9164,319,45.51724137931034
5969,5970,321,60.0
5970,5971,2,480.0
5970,6061,319,60.0
5971,5544,3,60.0
5971,5972,634,60.0
5971,8555,1,60.0
5972,5720,634,60.0
5973,6603,278,60.0
5973,9309,398,50.95477386934673
5974,5975,222,240.0
5974,9904,2,360.0
5975,7011,222,60.0
5976,3411,630,58.476190476190474
5976,7014,222,60.0
5977,7015,222,60.0
5978,7018,222,54.5945945945946
5979,4435,229,60.0
5979,5980,125,120.0
5980,4430,125,60.0
5980,7971,196,41.93877551020408
5981,7758,196,41.93877551020408
5982,4432,196,30.76530612244898
5983,4538,125,120.0
5983,7320,196,59.234693877551024
5985,4429,1007,60.0
5986,4428,1043,48.8111217641419
5987,4426,1003,43.25024925224327
5988,4425,1003,47.018943170488534
5989,6374,807,65.94795539033457
5990,7276,452,60.0
5991,4422,778,47.853470437018
5992,4419,778,36.90231362467866
5993,4082,367,71.4441416893733
5994,3482,325,77.53846153846153
5996,5504,322,64.6583850931677
5996,6618,325,60.0
5997,5998,236,120.0
5998,4416,236,36.99152542372882
5999,2234,650,60.0
5999,7466,186,45.806451612903224
6009,7531,505,57.92079207920792
6011,6012,505,37.722772277227726
6012,7341,505,60.0
6013,7388,505,59.7029702970297
6014,6015,505,53.76237623762376
6015,6016,505,65.94059405940594
6015,7096,751,110.97203728362184
6016,7512,505,53.7029702970297
6017,5724,505,53.40594059405941
6018,5726,319,60.0
6019,7506,318,60.0
6020,7493,489,48.95705521472393
6021,7489,491,60.0
6022,7491,135,52.22222222222222
6023,7556,135,44.44444444444444
6024,7560,135,60.0
6026,6765,1350,60.0
6027,7549,359,168.6350974930362
6028,7552,130,42.69230769230769
6029,7554,130,60.0
6030,7509,130,42.69230769230769
6031,7495,315,55.714285714285715
6032,7520,502,37.82868525896414
6033,7527,502,49.78087649402391
6034,6035,502,60.0
6034,6389,770,171.03896103896105
6035,7398,502,44.103585657370516
6036,7355,502,40.21912350597609
6037,7357,502,32.689243027888445
6038,6866,398,472.46231155778895
6038,7264,391,254.57800511508952
6039,5156,502,56.05577689243028
6040,7497,315,60.0
6041,7499,315,46.38095238095238
6042,7528,125,60.0
6043,7344,582,55.618556701030926
6044,7025,361,49.529085872576175
6045,5723,120,60.0
6046,7500,319,60.0
6047,7502,319,32.44514106583072
6048,2796,917,302.7480916030534
6048,7394,435,92.82758620689656
6048,7565,854,189.34426229508196
6049,6714,435,56.206896551724135
6050,6051,435,60.0
6051,4412,435,72.41379310344827
6052,4410,435,55.86206896551724
6053,7895,479,58.49686847599165
6054,7898,479,48.28810020876827
6055,7899,479,60.0
6056,6048,1289,60.0
6057,5085,439,49.40774487471526
6058,9157,223,59.865470852017935
6059,9094,223,30.134529147982065
6060,7317,41,43.90243902439025
6061,4409,320,60.1875
6062,6063,320,53.4375
6063,5542,542,116.12546125461255
6063,5971,2,120.0
6063,9904,2,570.0
6064,8236,581,57.00516351118761
6065,7995,579,46.1139896373057
6066,3649,579,45.854922279792746
6067,4779,2,1020.0
6067,6324,2,1020.0
6068,7078,351,60.0
6069,2204,2,1920.0
6069,4735,457,60.0
6069,7267,421,60.0
6070,6037,502,60.0
6071,6242,576,50.78125
6072,7108,440,60.0
6073,8900,238,30.0
6075,7139,187,60.0
6077,7132,185,60.0
6078,5829,659,54.30955993930197
6079,1978,55,300.0
6079,4989,404,60.0
6080,6956,555,30.10810810810811
6081,7142,193,30.466321243523318
6082,6083,191,60.0
6083,7136,193,30.155440414507773
6084,7138,193,59.84455958549223
6085,5488,190,334.7368421052632
6085,8840,1,1080.0
6086,7128,231,116.1038961038961
6087,8900,231,30.0
6088,7129,421,53.942992874109265
6089,6069,877,60.0
6090,7908,801,60.0
6091,7640,755,60.0
6091,8456,46,60.0
6092,4408,469,79.317697228145
6093,6094,467,60.0
6093,8161,2,60.0
6094,4406,467,60.0
6095,4403,467,60.0
6096,6780,799,203.87984981226532
6097,5626,431,65.56844547563806
6098,6423,589,60.0
6099,3384,762,232.28346456692913
6099,9112,345,120.0
6101,5282,339,59.91150442477876
6102,9311,339,59.91150442477876
6103,9121,339,60.0
6104,5721,120,80.0
6105,5696,125,81.6
6105,5716,751,89.88015978695073
6106,4123,3,40.0
6107,6106,3,60.0
6109,4402,338,111.12426035502959
6109,9174,1,1080.0
6110,6111,764,106.57068062827226
6110,9176,338,60.0
6111,4401,436,60.0
6111,9178,764,120.0
6113,6114,236,30.0
6113,6441,423,55.744680851063826
6114,4400,236,120.0
6115,2861,236,58.728813559322035
6116,4399,423,60.0
6119,4393,349,35.845272206303726
6119,5762,616,180.0
6120,6121,349,60.51575931232092
6120,6412,423,120.0
6121,6122,354,60.50847457627118
6122,4392,354,55.42372881355932
6126,4385,229,55.414847161572055
6127,9168,223,60.0
6128,5624,418,120.0
6128,8630,410,146.4878048780488
6129,5514,329,60.0
6130,6400,390,55.0
6132,8175,1708,36.44613583138173
6133,7456,647,154.12673879443585
6133,7666,576,51.614583333333336
6134,9043,329,36.838905775075986
6135,8367,751,51.17177097203729
6135,8902,3,40.0
6136,6375,1262,36.87004754358161
6136,8119,421,120.0
6136,8199,2,60.0
6138,6089,457,55.076586433260395
6139,9223,257,52.99610894941634
6140,5744,1663,43.07877330126278
6142,8134,531,76.8361581920904
6143,6144,531,60.0
6144,4382,531,60.0
6145,4379,531,62.3728813559322
6146,9339,369,60.0
6148,6932,870,77.79310344827586
6149,4376,531,67.00564971751412
6150,6151,531,89.6045197740113
6150,6152,413,60.0
6151,8117,1887,56.97933227344992
6152,2837,413,60.72639225181598
6153,7197,374,60.0
6154,7176,374,91.92513368983957
6155,4374,543,55.80110497237569
6156,7232,375,50.0
6158,7182,375,50.48
6159,5519,493,57.870182555780936
6160,9170,170,30.0
6161,6162,170,60.0
6162,9088,170,60.0
6163,9091,170,60.0
6164,4373,170,60.0
6165,8309,170,60.0
6166,3979,352,60.0
6166,8254,457,60.0
6168,4371,442,60.0
6169,4370,442,73.57466063348416
6170,4369,543,53.646408839779006
6171,6189,499,32.82565130260521
6172,4367,543,55.80110497237569
6173,6113,659,43.47496206373293
6174,5490,329,60.0
6175,2314,321,60.0
6175,4366,531,53.163841807909606
6176,2511,531,38.0225988700565
6177,4360,531,38.0225988700565
6178,4359,442,92.57918552036199
6179,4358,442,92.57918552036199
6181,4356,365,61.80821917808219
6184,6185,543,61.10497237569061
6184,6232,1356,74.02654867256638
6185,6381,956,65.7112970711297
6189,7645,499,108.33667334669339
6192,8269,457,60.0
6193,5073,517,42.64990328820116
6194,4351,413,40.53268765133172
6197,4417,51,360.0
6197,8104,493,60.0
6198,8102,493,58.72210953346856
6199,8099,493,59.148073022312374
6200,5376,493,59.148073022312374
6201,4458,811,60.0
6202,7364,493,57.26166328600406
6203,7367,493,40.649087221095336
6204,8086,236,59.36440677966102
6205,6206,1,60.0
6206,4690,1,300.0
6208,2869,181,98.45303867403315
6210,5689,2,420.0
6210,5692,462,35.1948051948052
6211,4345,491,85.90631364562118
6212,4343,491,60.0
6213,4342,491,86.15071283095723
6214,6962,491,86.15071283095723
6215,4341,491,60.0
6216,4340,491,60.0
6217,4337,491,60.0
6219,4336,543,58.45303867403315
6220,8372,361,45.95567867036011
6221,6382,861,70.31358885017421
6224,4332,543,60.0
6225,8126,543,60.0
6226,6026,543,91.2707182320442
6227,4330,369,51.951219512195124
6228,6229,369,55.36585365853659
6229,4326,229,72.31441048034935
6229,4327,140,32.142857142857146
6231,6151,1356,54.557522123893804
6232,7768,1356,54.00442477876106
6234,4324,364,36.18131868131868
6235,4322,365,44.465753424657535
6236,4320,365,54.986301369863014
6237,6181,365,76.43835616438356
6239,6264,574,60.0
6242,6486,576,60.0
6243,6107,3,30.0
6244,4012,739,68.36265223274695
6245,4020,361,60.498614958448755
6246,3956,698,84.49856733524355
6246,5491,2,540.0
6246,6900,362,34.972375690607734
6246,7624,378,92.38095238095238
6247,6243,3,60.0
6248,6247,3,40.0
6249,5808,231,60.0
6249,6697,440,60.0
6249,7092,365,60.0
6250,6251,334,50.38922155688623
6250,6396,1069,42.48830682881197
6251,4016,335,39.582089552238806
6252,4014,335,60.8955223880597
6253,7578,800,261.525
6254,4310,554,50.09025270758123
6255,7885,593,54.68802698145025
6256,7283,41,30.0
6256,7671,553,60.0
6257,4309,553,60.0
6258,4308,553,60.0
6259,9202,164,60.0
6260,8376,335,59.73134328358209
6261,6248,1,60.0
6262,9105,970,54.74226804123711
6263,9096,970,52.11340206185567
6264,6165,170,60.0
6264,8312,404,60.0
6265,8305,404,60.0
6266,8301,404,60.0
6267,8298,823,57.44835965978129
6268,6269,391,59.15601023017903
6269,6277,391,32.83887468030691
6270,8293,410,60.0
6271,8322,410,46.09756097560975
6272,8296,410,60.0
6273,8303,410,43.90243902439025
6274,6275,580,97.34482758620689
6275,9097,983,60.0
6276,9101,983,32.807731434384536
6277,8438,391,60.0
6279,6281,337,191.9287833827893
6281,9126,338,60.0
6282,9113,347,60.0
6283,9116,347,60.0
6284,9118,347,30.086455331412104
6285,9122,339,30.0
6286,9125,339,59.91150442477876
6287,6586,339,59.91150442477876
6288,9130,347,60.0
6289,5974,3,280.0
6289,7815,346,259.2485549132948
6290,5867,462,511.5584415584416
6291,7349,457,59.01531728665208
6292,7352,577,33.11958405545927
6293,4799,457,30.984682713347922
6294,5396,421,60.0
6295,5388,414,66.52173913043478
6296,5778,1685,109.13946587537092
6296,9568,526,120.0
6297,7530,457,60.0
6298,6043,457,41.159737417943106
6299,7346,457,73.12910284463895
6300,7348,457,32.62582056892779
6302,8112,912,60.0
6303,8388,687,56.506550218340614
6304,8386,687,43.18777292576419
6305,8109,687,30.0
6306,6305,687,59.34497816593886
6307,8108,888,120.0
6309,6312,401,32.54364089775561
6311,5473,528,80.56818181818181
6311,6565,327,63.669724770642205
6312,6527,401,57.68079800498753
6313,4062,604,30.0
6314,8062,498,56.626506024096386
6316,4079,398,65.12562814070351
6317,4060,581,60.0
6318,2470,2,30.0
6318,6909,494,60.0
6319,7481,580,60.0
6320,6633,278,120.0
6324,6248,2,60.0
6324,6261,1,60.0
6328,6329,55,104.72727272727273
6329,7807,446,60.0
6330,6557,421,43.53919239904988
6331,5167,860,81.13953488372093
6333,8055,498,39.75903614457831
6334,5178,1495,62.207357859531776
6334,8200,474,68.22784810126582
6335,5803,402,60.0
6336,6128,647,30.0
6337,7837,414,34.34782608695652
6338,8059,497,35.91549295774648
6339,8972,1649,49.79381443298969
6341,6132,1295,60.0
6342,5529,357,60.0
6343,7312,532,44.21052631578947
6344,9067,1,30.0
6345,7413,531,71.9774011299435
6346,7460,842,67.55344418052256
6348,3645,317,60.0
6348,3711,302,30.0
6348,4624,526,120.0
6349,5401,572,60.0
6349,5435,395,76.70886075949367
6350,9186,751,60.0
6351,9038,751,99.14780292942743
6352,9037,751,60.0
6353,7408,751,96.6711051930759
6359,9478,870,42.51724137931034
6360,6148,870,94.96551724137932
6361,4285,1215,54.96296296296296
6362,8504,807,66.2453531598513
6363,4284,807,60.0
6364,4283,807,98.21561338289963
6365,8186,807,60.0
6366,6367,565,58.67256637168141
6366,9792,390,70.0
6367,8038,565,206.76106194690266
6369,4281,550,60.0
6371,3746,550,83.45454545454545
6372,6877,2,420.0
6373,5525,186,60.0
6373,5526,462,37.5974025974026
6374,3925,1,600.0
6374,6136,1,840.0
6374,7741,778,67.32647814910025
6375,4523,484,60.0
6375,4528,778,60.0
6377,2815,452,94.91150442477876
6377,8168,778,60.0
6378,4276,778,107.89203084832904
6379,8501,778,120.0
6380,5894,778,108.04627249357327
6381,4493,413,65.81113801452784
6381,6219,543,70.7182320441989
6382,7863,861,48.257839721254356
6383,6766,861,40.383275261324044
6384,8145,862,58.29466357308585
6387,5721,770,93.66233766233766
6388,7406,770,113.37662337662337
6389,6390,770,120.0
6390,9195,770,83.76623376623377
6391,9065,770,61.94805194805195
6392,9156,770,40.90909090909091
6393,8222,409,60.293398533007334
6394,7211,400,30.15
6395,7214,400,60.15
6396,7206,1069,48.18521983161833
6397,6068,351,60.0
6398,8631,351,52.30769230769231
6399,4014,1,180.0
6399,7205,702,70.34188034188034
6400,6487,390,52.0
6401,4019,231,60.0
6402,7202,402,47.61194029850746
6403,7210,402,31.865671641791046
6404,6465,390,32.07692307692308
6408,9245,352,32.55681818181818
6411,4302,377,60.0
6412,4203,181,273.4806629834254
6412,6413,418,281.6267942583732
6413,4265,418,60.0
6414,4262,418,108.51674641148325
6415,4386,418,66.45933014354067
6416,4260,418,60.0
6417,4258,418,60.0
6418,4256,418,60.0
6419,4252,418,32.51196172248804
6420,5626,160,76.875
6421,4251,437,30.0
6422,4248,437,54.78260869565217
6423,2879,160,60.0
6423,4247,429,60.0
6424,5634,429,60.0
6425,4245,429,30.0
6426,4243,429,30.0
6427,4241,1,60.0
6428,6429,1,60.0
6429,4239,339,46.19469026548673
6430,4236,339,60.0
6431,4232,347,37.08933717579251
6432,2885,345,60.0
6432,6433,2,60.0
6433,4231,2,60.0
6434,4229,2,60.0
6435,4226,2,60.0
6436,4225,2,30.0
6438,4221,162,60.0
6439,4219,162,35.925925925925924
6440,6173,423,111.48936170212765
6441,4217,423,64.25531914893617
6442,6443,423,100.85106382978724
6443,4214,423,37.4468085106383
6444,4213,423,57.87234042553192
6445,6116,423,60.0
6446,4211,423,60.0
6447,4208,423,55.39007092198582
6448,4207,186,66.45161290322581
6449,4206,186,113.54838709677419
6451,6712,479,60.0
6454,4202,181,115.02762430939227
6456,2465,1186,109.47723440134908
6459,3937,190,60.0
6461,6279,337,240.0
6462,3965,222,43.108108108108105
6463,9143,222,60.0
6464,9145,222,30.0
6465,6471,390,57.92307692307692
6466,4197,396,36.43939393939394
6467,9233,396,36.43939393939394
6468,4196,402,60.0
6469,4195,402,60.0
6470,6275,402,60.0
6471,6935,390,57.69230769230769
6472,9147,222,47.83783783783784
6472,9148,1,60.0
6473,9328,224,47.94642857142857
6477,4187,162,55.925925925925924
6478,4184,162,46.666666666666664
6479,6438,162,59.629629629629626
6480,2882,338,60.0
6484,6495,394,30.15228426395939
6485,6472,223,55.2914798206278
6486,5256,576,36.25
6487,5400,390,60.0
6488,5837,414,43.768115942028984
6489,8713,348,42.06896551724138
6491,8500,125,30.0
6492,5036,278,128.63309352517985
6494,2607,311,449.7106109324759
6494,8396,305,270.4918032786885
6495,8581,394,60.0
6496,6497,377,60.0
6497,4844,377,60.0
6498,7444,377,60.0
6498,8401,321,59.532710280373834
6499,6500,317,326.49842271293375
6499,9269,377,88.96551724137932
6500,5660,302,60.0
6500,7462,317,60.0
6501,7463,619,58.64297253634895
6502,3565,319,120.0
6502,4727,1,1800.0
6502,8321,20,120.0
6504,5432,456,120.0
6505,5132,4,165.0
6510,6641,324,40.925925925925924
6510,6971,340,44.911764705882355
6512,4900,25,37.2
6512,7034,315,30.0
6513,6871,40,45.0
6514,6348,1150,51.7304347826087
6515,4174,340,59.911764705882355
6516,4171,340,41.8235294117647
6517,4168,340,41.73529411764706
6518,4167,340,60.0
6520,7264,397,300.0
6523,5765,836,54.4377990430622
6523,6133,1223,88.99427636958299
6523,6204,236,123.8135593220339
6525,9852,20,60.0
6526,6309,398,60.0
6527,7927,401,59.775561097256855
6528,6038,398,60.0
6528,8606,353,60.0
6529,7948,400,60.0
6530,7955,1,120.0
6530,9067,399,60.0
6531,3379,399,120.0
6531,3382,456,60.0
6531,4841,1,360.0
6531,9077,1,180.0
6533,7322,534,63.93258426966292
6534,6535,290,34.13793103448276
6534,7153,1,60.0
6535,3857,321,120.0
6535,8573,1,60.0
6535,9878,290,120.0
6535,9879,175,120.0
6536,6736,572,60.0
6537,7830,45,40.0
6538,7323,534,52.07865168539326
6539,9080,400,35.85
6543,6057,439,40.59225512528474
6544,6683,439,57.26651480637813
6545,2928,400,54.15
6546,2924,391,60.0
6546,4162,1,30.0
6547,4161,1,30.0
6548,6859,456,60.0
6549,6675,456,30.0
6551,9123,339,59.91150442477876
6552,7086,362,59.9171270718232
6553,7084,362,46.07734806629834
6554,5773,662,60.0
6555,6918,394,60.0
6556,6075,185,60.0
6556,6771,4,480.0
6556,7131,3,60.0
6557,2482,421,46.46080760095012
6558,8240,457,54.42013129102845
6559,8244,457,35.57986870897155
6560,8248,457,60.0
6561,8243,457,60.0
6562,6282,347,60.0
6562,9131,2,1080.0
6563,4000,528,60.45454545454545
6564,5253,576,60.0
6565,8926,327,58.1651376146789
6566,8551,329,60.0
6567,5502,40,532.5
6567,8840,1,840.0
6569,7762,906,76.02649006622516
6570,7035,2,60.0
6571,7804,41,44.63414634146341
6572,9527,432,61.388888888888886
6573,2813,348,35.172413793103445
6574,7888,472,59.49152542372882
6575,7283,1,60.0
6575,7759,870,92.34482758620689
6576,7378,96,45.3125
6577,7381,96,41.5625
6578,7038,808,57.92079207920792
6579,3565,320,529.125
6579,4937,324,569.074074074074
6579,8321,164,540.0
6580,6848,147,60.0
6581,6795,605,58.01652892561984
6582,7043,355,45.29577464788732
6582,7044,2,120.0
6582,7709,390,60.0
6583,6584,576,54.583333333333336
6584,5276,576,60.0
6585,5615,386,34.119170984455955
6585,7682,351,60.0
6586,6109,339,60.0
6586,6110,764,192.4869109947644
6587,9181,457,60.0
6588,9183,258,55.69767441860465
6589,9184,258,59.883720930232556
6590,8225,487,53.162217659137575
6593,6863,257,60.0
6594,5105,553,51.75406871609403
6596,5615,2,1680.0
6596,7037,2,60.0
6600,6399,2,600.0
6600,6955,361,60.0
6600,7708,1,900.0
6602,8511,406,60.0
6603,8006,279,58.924731182795696
6604,4045,1145,51.19650655021834
6605,5298,526,49.39163498098859
6605,5469,1033,57.61858664085189
6606,7089,1036,48.76447876447877
6607,3992,365,34.93150684931507
6608,8623,290,51.206896551724135
6609,6581,605,31.983471074380166
6610,5771,395,88.10126582278481
6610,6629,840,52.5
6611,6313,601,60.0
6613,2793,888,37.36486486486486
6613,5772,1304,53.94938650306749
6614,6615,344,60.0
6615,2350,933,51.832797427652736
6616,5424,381,33.54330708661417
6617,6049,435,60.0
6618,9042,692,53.23699421965318
6619,9022,154,31.948051948051948
6620,4858,707,49.73125884016973
6621,3480,154,60.0
6622,6620,154,38.76623376623377
6626,5455,40,118.5
6626,7416,1,180.0
6626,9081,926,139.30885529157666
6627,6626,913,59.67141292442497
6627,6628,154,60.0
6628,9081,147,60.0
6629,5013,1059,46.288951841359776
6629,5771,1160,60.0
6629,8022,290,60.0
6631,2934,290,45.0
6632,8389,687,40.698689956331876
6633,4072,278,47.589928057553955
6635,2907,421,182.28028503562945
6635,5942,367,103.16076294277929
6635,5953,238,60.0
6635,6798,382,152.5130890052356
6638,6639,1043,54.36241610738255
6639,6554,662,60.0
6639,6609,278,95.17985611510791
6639,6792,381,90.86614173228347
6641,7031,324,60.0
6642,7033,324,33.98148148148148
6643,6782,400,48.975
6644,4138,408,60.0
6646,5735,278,60.0
6646,6730,147,60.0
6647,5809,3,40.0
6650,5172,835,66.35928143712574
6652,6653,845,44.84023668639053
6653,8741,845,66.74556213017752
6654,5176,845,42.248520710059175
6654,9971,40,322.5
6655,5111,1686,45.480427046263344
6656,6666,1701,81.23456790123457
6657,5089,557,60.0
6657,5673,287,60.0
6657,8791,857,55.41423570595099
6658,3397,45,184.0
6658,5151,857,50.2683780630105
6659,6660,857,41.83197199533256
6660,4552,857,48.16802800466744
6662,5154,857,58.14469078179697
6664,7785,351,120.34188034188034
6665,5280,439,30.0
6666,6657,1701,45.64373897707231
6667,7880,1,30.0
6667,7892,1188,58.611111111111114
6668,7881,1187,68.08761583824769
6669,5115,553,63.79746835443038
6669,6334,1133,57.00794351279788
6670,6309,3,120.0
6670,6526,398,102.51256281407035
6670,6543,439,60.0
6674,6213,491,81.01832993890021
6675,6531,857,69.80163360560093
6679,8787,862,55.580046403712295
6680,7539,505,30.0
6681,9155,173,60.0
6682,6880,502,120.0
6683,3765,439,30.0
6684,8633,456,60.0
6685,9468,408,43.89705882352941
6686,9470,408,48.161764705882355
6688,7765,408,30.0
6690,5510,576,54.322916666666664
6691,8984,576,58.90625
6694,4132,236,60.0
6695,2489,229,60.0
6695,7673,778,56.33676092544987
6696,5973,398,60.0
6697,6072,440,30.0
6698,4130,1043,57.87152444870566
6699,6700,1506,52.908366533864545
6699,8368,1,60.0
6700,5599,1506,55.1195219123506
6702,6215,491,60.0
6703,6976,1,60.0
6704,6054,479,41.71189979123173
6705,6963,491,60.0
6706,6702,491,57.0061099796334
6708,6735,576,36.5625
6709,5888,463,76.84665226781857
6710,7860,428,60.0
6712,7276,479,30.0
6713,8172,907,63.042998897464166
6714,6715,435,60.0
6715,6050,435,61.37931034482759
6716,6052,435,40.3448275862069
6717,6718,491,60.0
6718,4129,491,57.0061099796334
6721,8970,576,91.35416666666667
6722,9025,154,30.0
6724,5508,888,95.60810810810811
6724,5701,917,142.70447110141765
6725,6627,1067,32.33364573570759
6726,6725,646,75.04643962848297
6727,5996,322,44.62732919254658
6728,9023,154,53.18181818181818
6729,6730,168,60.0
6730,5699,154,120.0
6730,6727,168,266.7857142857143
6731,2947,314,180.0
6731,5026,647,50.91190108191654
6731,6874,290,180.0
6732,5815,1,120.0
6732,6733,290,38.793103448275865
6733,6734,290,55.3448275862069
6734,6534,290,55.86206896551724
6734,6535,321,89.90654205607477
6735,6755,576,53.4375
6736,7231,572,46.46853146853147
6736,7235,2,30.0
6737,3483,321,41.58878504672897
6737,6738,279,62.1505376344086
6738,6081,3,60.0
6738,7692,279,60.43010752688172
6739,5028,662,35.61933534743203
6739,6996,581,50.8605851979346
6741,4073,290,60.0
6742,8811,1029,44.19825072886297
6745,8808,1043,42.281879194630875
6747,9897,2356,120.0
6748,5940,749,61.76234979973298
6749,7567,505,50.73267326732673
6750,4000,2,900.0
6750,5281,382,60.0
6751,6605,594,240.6060606060606
6752,5940,327,60.0
6753,8997,576,60.0
6754,2607,327,393.39449541284404
6754,6792,344,66.97674418604652
6755,6768,576,54.583333333333336
6758,6605,526,81.787072243346
6759,6605,439,120.0
6760,6764,741,56.72064777327935
6761,6184,1899,65.27646129541864
6762,7744,196,339.18367346938777
6763,7070,931,48.2062298603652
6764,3713,372,65.0
6764,9133,369,60.0
6765,8123,1350,95.86666666666666
6766,6384,861,180.0
6767,5973,278,31.07913669064748
6767,7235,392,44.234693877551024
6767,9309,170,60.0
6768,6690,576,60.0
6769,7230,170,60.0
6770,7071,321,60.0
6771,5824,4,720.0
6771,6734,321,60.0
6771,6738,2,120.0
6772,2148,369,60.0
6773,6841,576,57.65625
6774,7217,400,59.925
6775,7220,402,56.26865671641791
6776,6832,369,60.0
6777,5718,1,60.0
6777,7570,1068,60.0
6778,6622,154,60.0
6780,5786,1609,53.53014294592915
6781,7233,402,60.0
6782,7225,400,41.025
6785,7789,377,60.0
6786,7787,377,60.0
6787,2458,579,141.03626943005182
6788,3501,858,60.0
6788,8013,2,900.0
6788,9773,1,240.0
6789,9270,377,60.0
6790,7786,5,120.0
6791,7004,2,30.0
6792,6794,956,53.84937238493724
6793,4111,1,30.0
6794,5944,344,73.0813953488372
6794,6800,612,112.15686274509804
6795,6754,671,43.59165424739195
6795,6796,278,60.0
6796,6492,278,60.0
6797,5559,382,147.80104712041884
6798,6609,327,60.0
6798,8799,382,51.596858638743456
6800,5942,612,59.26470588235294
6801,6802,2390,120.0
6802,6803,2449,120.0
6803,6804,2474,180.0
6804,6805,2294,180.0
6805,6806,2294,182.14472537053183
6806,6807,2294,125.57105492589363
6807,6822,2291,202.20864251418595
6808,8572,2483,120.0
6809,9385,2483,120.0
6810,6809,2483,145.3966975432944
6811,6810,2483,154.6033024567056
6812,6811,2483,120.0
6813,6812,2483,120.0
6814,6813,2483,120.0
6815,8566,2545,120.0
6816,4934,2545,129.4302554027505
6817,6816,2545,120.0
6818,6817,2545,135.9607072691552
6819,6818,2545,120.0
6820,6819,2545,120.0
6822,6823,5018,133.28417696293343
6823,6824,5018,120.0
6824,6825,5018,120.0
6825,3638,2473,154.50060655074807
6825,6820,2545,271.8742632612967
6827,6828,5018,77.26584296532484
6828,6829,5018,102.73415703467516
6829,6830,5018,137.26584296532482
6830,6831,5018,60.0
6831,6814,2483,180.0
6831,8556,2291,168.94805761676125
6832,3401,369,30.0
6833,5281,367,222.99727520435968
6834,6835,394,34.49238578680203
6835,8655,394,60.0
6836,2308,388,40.51546391752577
6836,6838,2,90.0
6837,6773,576,38.854166666666664
6838,7243,389,35.7840616966581
6838,8588,444,52.83783783783784
6839,6840,838,35.08353221957041
6840,9273,838,54.91646778042959
6841,5259,576,64.6875
6842,9875,402,60.0
6842,9876,544,60.0
6842,9877,388,60.0
6843,9210,249,37.83132530120482
6844,6961,394,60.0
6845,7620,394,60.0
6846,2800,917,120.0
6847,7688,467,50.42826552462527
6848,5400,147,87.34693877551021
6850,6699,550,47.45454545454545
6851,5598,1360,40.47794117647059
6851,8367,1,1200.0
6853,9880,442,55.92760180995475
6854,6166,809,56.47713226205192
6855,5147,662,95.89123867069486
6855,9030,576,62.1875
6856,6675,401,60.29925187032419
6857,6244,739,30.690121786197565
6858,6216,491,30.0
6859,6549,456,60.0
6862,4000,1,900.0
6862,6600,1,1680.0
6862,6851,1,600.0
6862,8902,1,1800.0
6863,6139,257,60.0
6864,9251,2,960.0
6864,9599,439,119.31662870159454
6865,6314,498,38.31325301204819
6866,8961,902,70.37694013303769
6867,6868,399,59.92481203007519
6868,8610,399,59.92481203007519
6869,6870,379,59.52506596306068
6870,6873,379,60.15831134564644
6871,6908,40,45.0
6872,7619,379,60.15831134564644
6873,6872,379,60.0
6874,6081,190,60.0
6874,6732,290,120.0
6875,4060,1,660.0
6875,6739,581,179.69018932874354
6877,9640,2,1080.0
6879,6680,505,168.23762376237624
6880,6039,502,48.04780876494024
6882,6159,493,35.96348884381339
6885,6886,360,60.0
6886,6887,360,46.0
6887,6890,360,44.166666666666664
6888,6889,343,36.12244897959184
6889,5491,1,840.0
6889,6397,1,60.0
6889,6399,341,46.09970674486804
6890,6893,360,120.0
6891,6888,343,54.052478134110785
6892,6316,382,30.0
6893,6895,2,60.0
6893,8346,358,60.0
6894,6891,343,64.89795918367346
6895,6897,349,60.0
6896,6552,362,60.49723756906077
6897,6600,349,59.91404011461318
6898,6899,352,60.0
6899,6250,352,47.04545454545455
6900,6901,362,55.27624309392265
6901,5326,362,44.41988950276243
6902,3409,1,60.0
6902,5317,503,60.0
6905,5525,357,81.17647058823529
6906,6576,96,31.875
6907,7263,398,43.64321608040201
6908,6933,40,48.75
6909,2480,414,133.6231884057971
6909,6910,496,51.653225806451616
6909,6911,2,120.0
6910,6911,496,40.88709677419355
6911,6912,498,52.46987951807229
6912,6865,498,54.1566265060241
6913,7468,616,78.4090909090909
6915,3909,5,180.0
6915,5841,414,30.0
6916,6917,980,50.54081632653061
6917,2891,170,60.0
6917,9155,810,60.0
6918,6484,394,59.84771573604061
6921,4348,441,50.95238095238095
6922,6923,457,60.0
6923,6924,457,60.0
6924,6925,457,60.0
6925,6926,457,49.36542669584245
6926,6927,457,60.0
6927,6928,457,60.0
6928,6934,457,60.0
6929,5743,459,44.705882352941174
6930,8007,378,30.07936507936508
6931,8824,662,39.33534743202417
6932,5072,870,60.0
6933,7862,40,41.25
6934,2341,457,60.0
6935,6936,390,60.0
6936,7257,390,34.30769230769231
6936,7261,1,60.0
6942,6561,457,110.15317286652079
6948,6949,338,60.0
6949,6512,340,47.029411764705884
6950,3756,1485,60.0
6951,5762,903,60.0
6951,6412,181,60.0
6952,5195,630,60.0
6952,5211,1013,57.778874629812435
6953,5763,904,51.20575221238938
6954,7885,1,60.0
6954,9653,553,60.0
6955,6896,360,60.0
6955,7087,1,120.0
6956,7443,555,59.891891891891895
6957,3742,60,360.0
6958,5310,504,60.0
6960,3842,2,90.0
6960,6836,389,59.922879177377894
6961,6845,394,60.0
6962,6705,491,81.01832993890021
6963,6964,491,46.313645621181266
6964,6965,491,60.0
6965,6966,491,60.0
6966,6967,491,40.9979633401222
6967,7649,491,60.0
6968,4112,2,420.0
6969,2895,164,60.0
6970,6582,746,37.80160857908847
6971,9582,340,47.294117647058826
6973,7286,555,117.29729729729729
6974,5122,1056,105.68181818181819
6976,5757,1115,117.36322869955157
6976,6977,392,60.0
6977,4690,392,60.1530612244898
6978,4081,382,33.53403141361257
6979,6980,1493,49.24983255190891
6980,6981,1493,46.45679839249833
6981,6983,3,60.0
6981,9355,1490,59.19463087248322
6982,3382,764,239.60732984293193
6982,3764,616,180.0
6983,5593,931,55.005370569280345
6983,5768,3,60.0
6984,7806,386,57.27979274611399
6985,6533,534,39.943820224719104
6985,6987,386,32.72020725388601
6986,8527,555,52.972972972972975
6987,6988,401,113.86533665835411
6988,6992,401,67.48129675810473
6989,4156,441,55.714285714285715
6990,6991,428,57.89719626168224
6991,7002,413,121.45278450363196
6992,6993,428,60.0
6993,6994,428,44.4392523364486
6994,7695,428,45.5607476635514
6995,2019,353,371.89801699716713
6995,6136,778,328.8431876606684
6996,6317,581,59.32874354561102
6997,6999,15,40.0
6997,7000,20,30.0
6998,7000,45,117.33333333333333
6999,7009,15,60.0
7000,7009,20,60.0
7000,7275,45,104.0
7001,8530,30,80.0
7002,7804,406,65.17241379310344
7003,6986,555,74.05405405405405
7004,4110,2,60.0
7005,6793,1,60.0
7007,8332,20,90.0
7008,5700,15,120.0
7009,8440,35,38.57142857142857
7009,8645,10,90.0
7010,5954,1408,37.734375
7011,7012,222,30.0
7012,7013,222,60.0
7013,5205,1,30.0
7013,5221,222,60.0
7014,5977,222,60.0
7015,7016,222,30.0
7016,7017,222,60.0
7017,5978,222,35.4054054054054
7018,7019,222,60.0
7019,7020,222,30.0
7020,5206,222,60.0
7021,4842,937,44.08751334044824
7022,5002,940,60.0
7024,6208,181,81.54696132596685
7025,6220,361,54.43213296398892
7026,7266,374,59.518716577540104
7031,7032,324,52.31481481481482
7032,6642,324,60.0
7033,7678,324,36.94444444444444
7034,4899,315,60.0
7034,6502,319,30.0
7035,7036,2,30.0
7036,6596,2,60.0
7037,4899,2,120.0
7038,6579,808,53.948019801980195
7039,7040,332,30.0
7039,8436,2,660.0
7040,7041,332,60.0
7041,7042,332,59.81927710843374
7042,7045,332,30.180722891566266
7043,7044,335,58.656716417910445
7043,7709,20,30.0
7044,7049,337,46.91394658753709
7045,7046,332,59.81927710843374
7046,7047,332,60.0
7047,6585,329,60.0
7047,7048,3,60.0
7048,6582,1,30.0
7048,6585,2,30.0
7049,7050,337,85.8160237388724
7050,7051,337,47.0919881305638
7051,7039,336,43.125
7051,8436,1,30.0
7053,2516,564,108.08510638297872
7053,5293,1141,89.39526730937774
7054,7055,1360,55.5
7055,7056,1360,45.99264705882353
7056,7057,1360,39.970588235294116
7057,5474,1360,41.713235294117645
7058,7059,924,44.9025974025974
7059,7060,924,47.532467532467535
7060,5495,329,53.161094224924014
7060,6604,595,46.94117647058823
7061,7062,526,60.57034220532319
7062,5935,526,54.01140684410647
7067,6748,774,99.14728682170542
7070,2516,550,112.03636363636363
7070,5293,381,120.0
7071,5964,321,30.0
7072,6311,526,48.87832699619772
7073,7074,550,39.763636363636365
7074,7075,550,60.0
7075,7076,550,50.236363636363635
7076,4049,550,74.18181818181819
7077,6398,351,60.76923076923077
7078,7077,351,60.0
7079,7080,350,60.0
7079,8840,1,1200.0
7080,7081,350,60.0
7081,6895,346,92.08092485549133
7081,8346,4,60.0
7082,6553,362,88.1767955801105
7083,2038,2,1680.0
7083,7082,362,60.0
7084,7085,362,44.171270718232044
7085,6399,362,60.0
7086,7083,362,30.082872928176794
7087,6894,343,51.42857142857143
7088,5950,1026,51.98830409356725
7089,7090,1036,50.357142857142854
7090,6249,1036,59.42084942084942
7092,3994,365,34.93150684931507
7092,5811,1,900.0
7093,6606,1036,36.833976833976834
7093,6616,381,56.45669291338583
7094,6635,1408,44.55255681818182
7095,8618,327,174.4954128440367
7096,5715,751,121.03861517976031
7097,4002,544,60.0
7097,4003,398,60.0
7098,4001,671,60.0
7098,4025,511,60.0
7098,8525,231,60.0
7099,5489,1,30.0
7099,5490,551,45.73502722323049
7099,5936,231,30.0
7101,6563,528,54.82954545454545
7103,5492,469,60.0
7103,5494,924,49.967532467532465
7104,9649,810,53.629629629629626
7105,7104,810,60.0
7106,5484,942,51.33757961783439
7106,5488,231,46.753246753246756
7107,5909,946,64.7568710359408
7108,7109,440,48.27272727272727
7109,5488,440,83.45454545454545
7110,7111,231,31.948051948051948
7111,8455,231,60.0
7112,6086,231,31.948051948051948
7113,6075,2,45.0
7113,7131,321,60.0
7114,5813,325,30.83076923076923
7115,7114,325,59.44615384615385
7116,7117,322,50.962732919254655
7117,7118,322,39.130434782608695
7118,7119,322,33.72670807453416
7119,5822,322,56.27329192546584
7120,5824,324,47.03703703703704
7121,5827,238,60.0
7122,6078,238,30.0
7123,7124,238,60.0
7124,7125,238,30.0
7125,5826,238,60.0
7126,7127,231,60.0
7127,6087,231,60.0
7128,7126,231,30.0
7129,7130,421,57.149643705463184
7130,6078,421,38.90736342042755
7131,5812,324,50.833333333333336
7132,7135,186,30.161290322580644
7133,7134,186,30.161290322580644
7134,6732,1,30.0
7134,7692,185,48.648648648648646
7135,7133,186,60.0
7136,7137,193,59.84455958549223
7137,6084,193,30.155440414507773
7138,5823,3,60.0
7138,6085,190,42.63157894736842
7139,7140,187,30.16042780748663
7140,7141,187,119.67914438502673
7141,5812,1,120.0
7141,6077,185,30.0
7141,7174,1,120.0
7142,7143,193,59.689119170984455
7143,5818,1,120.0
7143,6082,191,30.0
7143,6083,1,60.0
7144,5821,2,30.0
7145,7144,2,60.0
7147,7148,382,45.15706806282723
7148,5220,382,44.84293193717277
7149,7150,177,60.0
7150,5381,175,30.0
7150,5419,2,30.0
7151,7152,382,59.84293193717277
7152,5222,2,60.0
7152,7159,380,120.0
7153,7154,1,60.0
7154,7155,1,60.0
7155,7159,1,60.0
7155,7165,1,30.0
7156,7158,176,73.63636363636364
7157,7156,176,42.10227272727273
7158,7169,176,50.45454545454545
7159,7160,381,44.960629921259844
7160,7161,381,60.0
7161,7162,381,60.0
7162,7163,381,59.92125984251968
7163,7164,1,30.0
7163,8574,380,44.921052631578945
7164,3484,379,45.03957783641161
7164,5821,322,43.975155279503106
7165,7166,177,59.83050847457627
7166,7167,177,30.338983050847457
7167,7168,177,59.83050847457627
7168,7149,177,30.16949152542373
7169,7170,176,51.47727272727273
7170,7171,176,78.75
7171,7165,176,60.0
7172,7174,324,41.574074074074076
7173,5814,325,56.676923076923075
7174,5814,1,120.0
7174,7173,325,43.292307692307695
7175,6514,531,58.0225988700565
7176,7292,374,60.0
7177,6158,375,99.2
7178,5819,323,39.10216718266254
7179,5820,322,50.962732919254655
7179,6083,1,120.0
7180,7181,326,60.0
7181,5815,2,60.0
7181,6771,323,30.092879256965944
7181,7132,1,120.0
7182,7183,375,44.4
7183,7184,375,60.0
7184,5921,375,50.48
7185,7186,170,35.294117647058826
7186,5919,170,60.0
7187,7188,170,41.470588235294116
7188,3936,170,60.0
7189,7187,170,52.05882352941177
7190,3693,386,53.47150259067357
7191,5910,572,57.9020979020979
7191,6153,374,60.0
7192,7191,946,39.704016913319236
7193,7192,946,53.46723044397463
7194,7195,943,38.49416755037116
7194,7582,1,120.0
7195,5922,943,56.18239660657476
7196,6154,374,50.775401069518715
7197,7196,374,60.0
7198,4105,402,45.74626865671642
7198,7199,170,30.0
7199,5912,170,60.0
7200,5921,569,60.0
7201,7200,569,44.024604569420035
7202,7203,402,60.0
7203,6403,402,53.656716417910445
7204,6246,1079,53.93883225208526
7204,6251,1,60.0
7205,7204,1080,51.888888888888886
7206,4014,368,125.70652173913044
7206,7207,701,60.0
7207,6397,350,60.0
7207,6885,351,60.0
7208,6335,402,30.0
7209,7208,402,60.0
7210,7209,402,60.0
7211,7212,400,59.925
7212,7213,400,54.9
7213,6395,400,35.175
7214,7215,400,64.05
7215,7201,399,105.71428571428571
7215,8840,1,1260.0
7216,6536,572,46.67832167832168
7217,7218,400,39.075
7218,7219,400,63.975
7219,6643,400,60.0
7220,7221,402,67.46268656716418
7221,7222,402,46.26865671641791
7222,5913,402,60.0
7223,6767,448,60.0
7224,6775,402,33.73134328358209
7225,7226,400,60.0
7226,7228,400,60.0
7227,7249,443,60.0
7228,6394,400,60.0
7229,6769,170,35.294117647058826
7229,6774,400,51.0
7230,5917,170,60.0
7231,3838,388,60.0
7231,8009,572,64.1958041958042
7232,7177,375,44.88
7233,7224,402,60.0
7234,6603,1,30.0
7234,8840,1,1380.0
7235,7237,396,119.6969696969697
7236,7231,388,108.4020618556701
7236,7234,2,90.0
7237,6791,2,60.0
7237,7239,394,60.0
7238,6587,457,60.0
7239,7241,394,60.0
7240,4111,389,60.0
7241,7242,394,45.83756345177665
7242,6839,394,49.18781725888325
7243,7240,389,69.40874035989717
7244,6838,1,60.0
7246,2308,442,52.873303167420815
7246,7244,1,30.0
7249,7246,443,38.871331828442436
7250,4792,41,50.48780487804878
7251,5610,186,74.51612903225806
7252,3459,364,44.42307692307692
7252,3859,847,60.0
7252,9917,2,720.0
7253,7254,352,51.90340909090909
7254,7255,352,40.65340909090909
7255,5563,352,49.34659090909091
7256,8508,581,62.37521514629948
7257,7261,390,57.69230769230769
7258,3488,257,157.82101167315176
7258,9302,421,60.0
7259,4749,352,51.90340909090909
7260,7258,421,30.0
7261,8326,391,60.153452685421996
7262,8862,800,68.4
7263,7596,777,60.077220077220076
7264,3726,359,67.1866295264624
7264,7588,789,66.4638783269962
7265,7262,800,55.8
7266,8583,374,60.0
7267,4746,421,30.0
7268,6834,394,60.0
7269,7271,555,60.0
7270,2330,318,60.0
7271,5800,2,360.0
7271,7274,553,60.0
7273,9599,595,125.74789915966386
7274,2321,321,60.0
7274,7607,553,57.2875226039783
7275,8441,45,92.0
7276,2434,452,478.14159292035396
7276,6136,169,360.35502958579883
7276,8058,310,383.2258064516129
7277,5530,357,60.0
7278,7605,555,87.35135135135135
7280,7980,4,2640.0
7281,6668,866,92.63279445727483
7281,7881,917,127.32824427480917
7283,7761,44,59.31818181818182
7284,2798,1,60.0
7284,5796,1,60.0
7285,6997,35,55.714285714285715
7286,7269,555,31.35135135135135
7290,6737,1,30.0
7291,9349,383,50.2088772845953
7292,7627,374,88.07486631016043
7293,8074,382,78.37696335078535
7294,5257,576,60.0
7295,7297,576,30.0
7297,6691,576,60.0
7298,5274,576,38.072916666666664
7305,7306,1357,45.342667649226236
7306,5184,1357,63.31613854089904
7307,7305,1357,76.80176860722182
7308,5186,845,116.3076923076923
7308,5572,224,114.64285714285714
7308,5594,288,60.0
7309,7310,236,60.0
7310,5217,236,60.0
7311,7291,380,40.026315789473685
7312,9076,532,60.0
7313,7683,354,42.6271186440678
7315,5303,503,101.74950298210736
7315,5833,796,73.94472361809045
7316,6060,41,46.09756097560975
7317,8663,41,120.0
7318,5465,41,43.170731707317074
7319,6020,41,60.0
7320,7321,196,48.826530612244895
7321,4887,196,41.173469387755105
7322,6538,534,55.674157303370784
7323,7324,534,37.92134831460674
7324,5019,534,57.69662921348315
7325,7326,534,50.39325842696629
7326,7327,534,39.60674157303371
7327,5082,534,57.640449438202246
7328,5745,367,42.915531335149865
7335,9266,505,37.722772277227726
7337,7840,788,60.0
7340,7929,357,105.88235294117646
7341,7342,505,32.67326732673267
7342,7343,505,54.0
7343,6013,505,62.37623762376238
7344,7345,582,35.92783505154639
7345,2155,125,42.0
7345,6299,457,48.840262582056894
7346,7347,457,32.62582056892779
7347,6300,457,57.37417943107221
7348,9486,457,60.0
7349,7350,457,30.984682713347922
7350,7351,457,59.01531728665208
7351,5564,457,30.984682713347922
7352,7353,457,60.0
7352,7529,120,60.0
7353,7354,457,60.0
7354,6293,457,60.0
7355,7356,502,83.42629482071713
7356,6070,502,40.45816733067729
7357,7723,502,75.5378486055777
7360,7652,44,87.27272727272727
7361,7362,502,32.689243027888445
7362,7542,502,60.0
7363,7371,344,60.0
7364,7365,493,52.089249492900606
7365,7366,493,40.04056795131846
7366,6203,493,49.95943204868154
7367,7368,493,59.39148073022312
7368,7806,493,55.436105476673426
7369,6286,339,35.663716814159294
7370,5043,662,65.89123867069486
7371,7374,344,46.91860465116279
7372,7452,354,43.983050847457626
7373,6906,96,54.0625
7374,7376,344,43.343023255813954
7375,7372,354,60.0
7376,8318,344,59.73837209302326
7377,3617,2,1380.0
7377,6585,4,1200.0
7377,7375,354,30.0
7378,7379,96,51.25
7379,6577,96,40.625
7380,5284,357,60.0
7380,9802,1305,68.13793103448276
7381,7384,96,44.0625
7383,8065,1,60.0
7384,6328,55,75.27272727272727
7384,6571,41,41.707317073170735
7388,7389,505,60.0
7389,6014,505,37.42574257425743
7390,7391,876,72.67123287671232
7391,6105,876,52.91095890410959
7392,4912,1,60.0
7392,7393,1068,55.36516853932584
7393,6777,1068,35.19662921348315
7394,6617,435,60.0
7396,5722,890,55.78651685393258
7397,6388,770,74.18181818181819
7398,7399,502,76.13545816733068
7399,6036,502,60.0
7400,5476,544,52.830882352941174
7402,8529,30,80.0
7402,8658,15,120.0
7403,5498,1338,45.26905829596413
7406,6034,770,84.0
7407,5258,576,38.854166666666664
7408,6015,751,141.97070572569908
7410,8467,1115,140.07174887892376
7413,6346,531,36.21468926553672
7414,5769,1028,94.0272373540856
7415,5331,560,60.0
7415,7941,504,66.54761904761905
7416,5511,528,52.38636363636363
7416,9770,1,60.0
7417,5513,528,51.70454545454545
7418,5453,682,100.55718475073314
7419,5483,535,58.99065420560748
7420,5493,168,58.214285714285715
7421,5619,168,58.214285714285715
7422,7421,168,60.0
7423,7424,684,35.13157894736842
7424,7425,684,66.40350877192982
7425,6618,367,52.80653950953678
7425,6726,317,42.018927444794954
7426,7427,687,57.4235807860262
7427,7428,687,38.68995633187773
7428,5505,365,60.0
7428,5663,168,53.75
7428,6621,154,38.76623376623377
7429,7430,165,59.63636363636363
7430,5621,165,60.0
7431,5459,163,52.63803680981595
7431,8825,2,600.0
7432,5241,576,60.0
7432,5487,165,59.63636363636363
7433,5232,744,69.19354838709677
7434,7435,744,57.82258064516129
7435,5233,576,51.666666666666664
7435,7436,168,36.25
7436,7437,168,60.0
7437,7438,163,30.0
7438,5502,163,120.0
7440,8658,10,90.0
7441,9971,50,282.0
7442,3397,45,166.66666666666666
7443,7601,555,49.351351351351354
7444,7445,377,60.0
7445,7446,377,60.0
7446,6785,377,60.0
7447,7595,15,180.0
7447,8531,2,240.0
7447,9066,20,360.0
7448,7450,1428,43.27731092436975
7448,7867,20,120.0
7450,4413,1034,52.57253384912959
7450,7867,394,48.578680203045685
7451,7599,1460,55.417808219178085
7452,7313,354,47.3728813559322
7453,7454,344,30.261627906976745
7454,7455,344,38.19767441860465
7455,6948,23,30.0
7455,7674,321,53.36448598130841
7456,7457,647,67.60432766615146
7457,5008,647,60.0
7458,7459,867,42.7681660899654
7459,5130,556,58.65107913669065
7459,6346,311,30.0
7460,6913,311,69.83922829581994
7460,7175,531,63.954802259887
7462,6501,619,49.725363489499195
7463,6514,619,60.0
7464,6998,45,60.0
7466,2491,388,78.55670103092784
7466,5115,576,67.29166666666667
7466,6334,186,88.38709677419355
7467,7694,467,120.0
7468,6494,616,66.81818181818181
7469,7471,330,44.45454545454545
7470,8853,347,44.52449567723343
7471,7473,330,69.81818181818181
7472,7470,347,59.913544668587896
7473,4453,330,58.54545454545455
7474,7472,347,30.0
7475,7476,1,60.0
7476,5818,1,60.0
7477,7894,40,60.0
7478,7581,437,100.77803203661327
7479,7480,1043,55.42665388302972
7480,6745,1043,42.77085330776606
7481,7482,580,51.98275862068966
7482,7483,580,46.44827586206897
7483,2607,302,114.43708609271523
7483,2935,278,60.0
7483,9136,1,1080.0
7484,7485,601,57.45424292845258
7485,6611,601,47.021630615640596
7486,7487,1029,34.46064139941691
7487,7488,382,60.0
7487,8812,647,51.931993817619784
7488,2936,287,120.0
7488,5145,95,60.0
7489,7490,491,60.0
7490,5247,41,60.0
7490,6022,135,37.77777777777778
7490,6031,315,34.285714285714285
7491,7492,135,75.55555555555556
7492,6023,135,45.55555555555556
7493,2423,489,41.65644171779141
7495,7496,315,50.666666666666664
7496,6040,315,60.0
7497,7498,315,43.61904761904762
7498,6041,315,60.0
7499,5711,315,60.0
7500,7501,319,59.905956112852664
7501,6047,319,60.0
7502,5728,1,60.0
7502,6019,318,60.0
7503,7504,754,50.53050397877984
7504,7505,754,47.42705570291777
7505,5725,754,60.0
7506,7507,318,41.22641509433962
7507,6020,318,64.71698113207547
7508,6020,130,48.46153846153846
7509,7508,130,60.0
7510,5728,439,60.0
7511,5711,439,70.250569476082
7512,7513,505,35.64356435643565
7513,7514,505,57.32673267326733
7514,6017,505,39.26732673267327
7515,7516,120,50.0
7516,6018,120,60.0
7517,7566,505,106.81188118811882
7518,7519,502,60.0
7519,5714,125,52.8
7519,6032,502,52.17131474103586
7520,7521,502,60.0
7521,7522,502,40.45816733067729
7522,6033,502,51.93227091633466
7523,7517,505,57.32673267326733
7524,6042,125,60.0
7525,5724,120,60.0
7526,5727,440,59.59090909090909
7526,6046,318,60.0
7527,6034,502,48.286852589641434
7528,6043,125,60.0
7529,6045,120,90.0
7530,6298,457,60.0
7531,6879,505,52.87128712871287
7532,7533,1340,47.30597014925373
7533,7534,1340,60.0
7534,6009,505,76.63366336633663
7534,8793,835,61.544910179640716
7535,7536,1359,55.916114790286976
7536,7537,1359,59.77924944812362
7537,5157,2506,38.7390263367917
7538,7593,614,39.527687296416936
7539,7335,505,60.0
7540,5753,231,30.0
7541,9187,359,60.0
7541,9189,59,60.0
7542,6682,502,30.0
7543,8001,457,60.0
7549,5872,229,156.15720524017468
7549,7550,130,31.153846153846153
7550,7551,130,58.84615384615385
7551,6028,130,48.46153846153846
7552,7553,130,58.84615384615385
7553,6029,130,48.46153846153846
7554,7555,130,41.53846153846154
7555,6030,130,47.30769230769231
7556,7558,135,60.0
7557,2091,968,248.80165289256198
7558,7559,135,45.55555555555556
7559,7879,135,37.77777777777778
7560,7561,135,53.333333333333336
7561,7562,135,52.22222222222222
7562,2518,135,37.77777777777778
7564,6056,810,197.62962962962962
7565,7579,854,89.01639344262296
7566,6749,505,39.26732673267327
7567,7568,943,46.19300106044539
7568,6104,120,50.0
7568,7392,944,44.45974576271186
7569,7570,1291,60.0
7570,5719,1061,60.0
7570,6211,491,120.0
7570,7639,807,124.68401486988847
7571,7572,1061,49.62299717247879
7572,7623,622,60.0
7572,9441,439,38.54214123006834
7573,5430,1218,60.0
7573,5697,526,60.0
7574,7575,502,101.83266932270917
7575,7576,502,53.78486055776892
7576,7518,502,60.0
7577,7569,800,81.525
7578,6387,770,77.37662337662337
7578,7577,800,90.075
7579,3422,1605,89.45794392523365
7580,6780,810,179.33333333333334
7580,9485,457,205.73304157549234
7581,7636,437,79.22196796338673
7582,5114,1,60.0
7584,6505,3,120.0
7584,7774,1,120.0
7585,3886,20,120.0
7585,3917,5,120.0
7585,4895,10,2430.0
7585,5471,10,1260.0
7586,2434,778,120.0
7588,6867,398,43.5678391959799
7588,8422,391,60.0
7589,5955,319,60.0
7589,5974,222,60.0
7589,7805,223,60.0
7589,8434,357,60.0
7590,7735,382,33.53403141361257
7591,9189,258,30.0
7592,5192,279,300.0
7593,9783,614,77.68729641693811
7594,4457,434,191.05990783410138
7594,8333,10,180.0
7595,8421,449,60.0
7596,2746,1,720.0
7596,3409,1,420.0
7596,6520,397,180.0
7596,7597,1,180.0
7596,8953,377,120.0
7597,8780,504,60.0
7598,5741,770,58.83116883116883
7599,4731,1440,52.416666666666664
7599,9380,20,60.0
7600,8331,444,35.4054054054054
7601,8632,555,40.75675675675676
7602,7603,555,49.13513513513514
7603,7604,555,92.54054054054055
7604,7278,555,54.5945945945946
7605,5792,555,60.0
7606,2328,78,60.0
7606,2329,240,180.0
7606,6080,554,60.0
7607,6257,553,53.924050632911396
7608,8334,459,54.11764705882353
7609,7606,554,97.68953068592057
7610,6574,432,86.38888888888889
7610,8877,502,58.50597609561753
7611,7612,459,35.88235294117647
7612,7613,459,54.11764705882353
7613,7614,459,60.0
7614,7615,459,44.705882352941174
7615,7616,459,60.0
7616,8332,449,54.98886414253897
7618,7796,932,56.16952789699571
7619,6930,378,60.0
7619,8007,1,60.0
7620,7621,394,52.233502538071065
7621,7268,394,55.65989847715736
7623,7568,121,54.79338842975206
7623,7574,502,39.08366533864542
7624,3982,1434,60.0
7625,4017,1047,53.63896848137536
7625,5753,346,59.13294797687861
7626,5268,153,60.0
7627,6842,946,66.59619450317125
7627,9967,2,900.0
7628,5751,394,60.0
7629,9527,614,57.16612377850163
7630,9197,442,52.873303167420815
7631,8584,443,60.0
7632,7628,394,41.421319796954315
7633,9922,968,139.58677685950414
7635,8460,1,60.0
7636,7638,437,37.89473684210526
7638,7667,437,79.22196796338673
7639,6026,807,178.43866171003717
7640,2329,755,60.0
7640,7691,467,60.0
7641,7360,44,87.27272727272727
7642,8554,756,52.023809523809526
7643,6092,469,50.3411513859275
7644,5289,2,30.0
7645,4352,499,45.6312625250501
7646,5458,386,55.72538860103627
7646,7647,335,33.40298507462686
7647,7793,337,57.06231454005935
7648,4903,337,57.06231454005935
7649,7650,491,49.30753564154786
7650,6706,491,60.0
7651,7659,435,51.724137931034484
7652,7653,479,51.544885177453025
7653,7654,479,58.49686847599165
7654,7655,479,60.0
7655,7656,479,44.718162839248436
7656,7657,479,51.544885177453025
7657,7658,479,60.0
7658,7663,479,58.49686847599165
7659,7652,435,60.0
7660,6053,479,74.78079331941545
7661,7963,435,38.275862068965516
7662,7651,435,38.275862068965516
7663,7660,479,60.0
7664,4210,2,1620.0
7664,4904,15,60.0
7664,6970,390,194.76923076923077
7664,7991,315,74.85714285714286
7666,5224,576,124.16666666666667
7667,7668,437,60.0
7668,7979,437,60.0
7669,5048,662,135.0453172205438
7670,7703,553,60.0
7671,7670,553,71.39240506329114
7672,8968,576,60.0
7673,2489,778,33.66323907455013
7674,7675,321,59.81308411214953
7675,7676,321,36.822429906542055
7676,7677,321,60.0
7677,4900,2,60.0
7677,7034,319,60.0
7678,7679,344,56.51162790697674
7679,7680,344,33.48837209302326
7680,7856,344,53.4593023255814
7681,7453,344,59.651162790697676
7682,7685,344,60.0
7683,6970,354,59.66101694915254
7684,3843,437,79.22196796338673
7685,7363,344,43.16860465116279
7688,2319,321,60.0
7688,7643,467,79.14346895074947
7691,7467,467,30.0
7692,2947,185,82.70270270270271
7692,6875,279,125.80645161290323
7693,6380,778,60.0
7694,7697,467,30.0
7695,7696,428,60.0
7696,8407,428,34.97663551401869
7697,7702,467,60.0
7698,8526,1268,40.670347003154575
7701,6710,428,59.929906542056074
7702,7791,467,50.42826552462527
7703,7003,553,78.87884267631102
7705,5391,288,120.0
7706,4942,2,600.0
7706,7474,347,60.0
7707,3687,7,42.857142857142854
7707,6044,2,120.0
7707,6399,2,1020.0
7707,9508,344,60.0
7708,6857,361,45.78947368421053
7709,8013,410,60.0
7711,2514,810,42.18518518518518
7712,6254,554,62.16606498194946
7712,7711,810,73.03703703703704
7715,7716,196,30.0
7715,7739,531,46.440677966101696
7716,7717,196,60.0
7717,5991,778,49.048843187660665
7717,7718,196,82.34693877551021
7718,8000,196,60.0
7723,2276,502,52.23107569721115
7724,8255,505,50.554455445544555
7726,9964,701,37.31811697574893
7729,7726,701,80.28530670470757
7733,7814,1366,85.95900439238653
7734,5989,807,51.486988847583646
7735,7737,382,60.78534031413613
7736,6585,406,60.0
7737,5554,382,78.37696335078535
7738,7024,196,180.0
7739,5423,531,75.81920903954803
7740,5553,550,60.0
7741,7742,778,56.33676092544987
7742,7717,778,48.27763496143959
7743,5985,1007,50.01986097318768
7744,5987,196,60.0
7744,7743,229,32.620087336244545
7745,7858,236,60.0
7746,7745,236,30.0
7747,7749,229,57.379912663755455
7748,6694,236,60.0
7749,7744,229,60.0
7753,2507,120,60.0
7758,5982,196,59.234693877551024
7759,7761,870,47.10344827586207
7759,7763,890,91.14606741573034
7760,5685,40,54.0
7760,7281,866,51.685912240184756
7761,7284,2,60.0
7761,7763,912,60.0
7762,7281,917,93.17339149400217
7762,7760,906,60.264900662251655
7763,2798,1800,69.5
7763,5796,2,60.0
7764,7762,917,60.0
7765,5061,55,60.0
7765,9462,408,60.0
7768,5061,444,116.21621621621621
7768,9462,912,118.35526315789474
7769,5872,442,60.0
7769,8140,577,52.40901213171577
7770,7769,1019,55.11285574092247
7771,7773,352,48.06818181818182
7772,7780,1,60.0
7773,8484,352,42.10227272727273
7774,5688,355,30.338028169014084
7775,6505,1,60.0
7775,6790,1,30.0
7776,7777,352,30.0
7777,7775,2,60.0
7777,9954,350,60.0
7778,7779,352,60.0
7779,7781,352,42.10227272727273
7780,7383,1,30.0
7781,7771,352,59.91477272727273
7785,7776,352,59.91477272727273
7786,3785,4,120.0
7786,8379,359,239.49860724233983
7787,6499,377,60.0
7788,7962,332,60.0
7789,7790,377,60.0
7790,6786,377,60.0
7791,7809,467,60.0
7793,7648,337,32.93768545994065
7794,7872,659,48.39150227617603
7795,8638,622,59.951768488745984
7796,7800,932,60.0
7797,9202,324,60.0
7798,9849,13,48.46153846153846
7798,9864,4,600.0
7799,5477,357,60.0
7799,7794,1,120.0
7800,3405,249,120.0
7800,8513,683,57.5402635431918
7801,6573,348,54.827586206896555
7802,7958,1,60.0
7803,7873,683,54.773060029282576
7804,6329,391,60.0
7804,6567,41,45.36585365853659
7804,9066,15,520.0
7805,8392,222,77.56756756756756
7806,6985,879,60.0
7807,7808,446,53.946188340807176
7808,5161,55,60.0
7808,9873,391,64.60358056265984
7809,6847,467,79.14346895074947
7813,7802,1,30.0
7814,5218,1366,60.0
7815,6461,346,60.0
7817,7818,288,60.0
7818,2306,288,177.91666666666666
7819,8670,288,60.0
7820,5392,288,60.0
7821,5835,288,30.0
7822,7821,288,60.0
7823,7705,288,30.0
7824,7823,288,60.0
7825,5393,288,60.0
7826,7827,288,60.0
7827,7825,288,30.0
7830,7585,45,66.66666666666667
7830,8449,414,31.44927536231884
7834,5329,422,74.92890995260663
7836,5397,422,60.0
7837,6295,414,60.0
7838,7839,414,60.0
7839,6337,414,58.18840579710145
7840,5581,1012,63.55731225296443
7840,8076,463,70.23758099352052
7845,5580,382,52.774869109947645
7846,5431,1366,68.34553440702781
7849,7850,320,60.0
7850,7851,320,45.09375
7851,8319,320,83.25
7852,7681,344,30.436046511627907
7853,7854,315,60.0
7854,7855,317,46.5615141955836
7855,2372,2,60.0
7855,6948,315,43.523809523809526
7856,8319,344,33.05232558139535
7857,5305,560,40.339285714285715
7858,7748,236,30.0
7859,4418,596,47.718120805369125
7859,7701,428,60.0
7860,7861,428,31.121495327102803
7861,6990,428,62.10280373831776
7862,7864,40,48.75
7863,9483,861,60.0
7864,7866,20,60.0
7865,6221,861,70.45296167247386
7866,5751,20,30.0
7867,4933,414,42.31884057971015
7868,7610,934,60.0
7869,5783,571,68.87915936952714
7869,9004,557,60.0
7870,7608,459,60.0
7871,5717,687,60.0
7872,8516,658,83.25227963525836
7872,9213,1,60.0
7873,4740,683,60.0
7876,7877,647,39.969088098918085
7877,8799,647,60.0
7879,6024,135,36.666666666666664
7880,6575,1,120.0
7881,2797,917,91.93020719738277
7881,4836,1187,44.45661331086773
7882,5793,593,58.381112984822934
7883,6256,594,47.17171717171717
7884,7883,594,46.16161616161616
7885,7884,594,56.666666666666664
7886,7887,593,53.37268128161889
7887,9653,553,81.374321880651
7887,9655,40,54.0
7888,7889,472,58.41101694915254
7889,7890,472,45.38135593220339
7890,7477,40,156.0
7890,7891,432,60.0
7891,6572,432,86.38888888888889
7892,4898,1,540.0
7892,6575,870,63.793103448275865
7892,7759,890,141.57303370786516
7892,9783,318,60.0
7893,7984,1,30.0
7894,6255,40,180.0
7894,9653,621,177.1014492753623
7895,7896,479,92.19206680584551
7896,7897,479,38.89352818371608
7897,6704,479,58.49686847599165
7898,6055,479,80.41753653444677
7899,7900,479,50.10438413361169
7900,6056,479,40.208768267223384
7901,7902,1609,56.7930391547545
7902,5788,1565,45.680511182108624
7902,7903,44,40.90909090909091
7903,7904,44,49.09090909090909
7904,7906,44,81.81818181818181
7905,7907,1565,109.26517571884985
7906,7911,44,60.0
7907,5789,810,53.629629629629626
7907,6090,755,60.0
7908,7909,801,45.69288389513109
7909,7910,801,60.0
7910,6091,801,30.0
7911,6569,40,120.0
7916,5136,560,59.732142857142854
7917,7797,319,60.0
7917,8435,315,60.0
7918,7920,1060,69.16981132075472
7919,7921,3,120.0
7920,7922,1060,102.16981132075472
7921,8771,3,180.0
7922,5142,557,101.79533213644524
7922,8771,503,96.02385685884691
7925,1943,846,30.0
7925,7893,1,60.0
7926,7928,3,180.0
7926,8070,503,119.40357852882704
7927,7946,401,32.54364089775561
7928,5324,3,120.0
7929,5521,357,80.16806722689076
7930,3365,369,199.1869918699187
7930,5520,357,43.36134453781513
7932,7933,467,113.44753747323341
7933,7934,467,119.48608137044968
7934,7938,1019,99.56820412168793
7935,7618,932,43.648068669527895
7937,7939,367,60.0
7938,7940,1019,60.0
7939,5993,367,94.16893732970027
7940,5331,463,120.0
7940,7941,556,123.88489208633094
7941,7942,4,60.0
7941,7943,1056,60.0
7942,7944,4,60.0
7943,5307,504,60.0
7943,7944,552,63.91304347826087
7944,5128,556,62.589928057553955
7945,8461,320,43.40625
7946,3733,3,60.0
7946,8952,398,60.0
7947,7945,320,46.59375
7948,6530,400,50.4
7949,7947,320,43.5
7950,9079,550,60.0
7951,7949,320,34.21875
7953,7951,320,45.5625
7954,3368,565,78.58407079646018
7955,6856,401,59.85037406483791
7956,7959,432,60.0
7957,5937,542,87.12177121771218
7957,6419,418,114.97607655502392
7957,9331,357,99.15966386554622
7958,7966,1,30.0
7959,9362,432,30.34722222222222
7960,5537,314,68.59872611464968
7961,5537,222,102.43243243243244
7961,5544,382,96.43979057591623
7961,6442,423,70.63829787234043
7962,7664,332,52.95180722891566
7963,7662,435,51.724137931034484
7964,8260,365,50.21917808219178
7965,8280,1320,65.45454545454545
7966,7967,1,30.0
7967,2265,1,60.0
7967,2374,846,119.8581560283688
7969,6960,391,54.168797953964194
7971,7972,196,48.06122448979592
7972,5981,196,60.0
7978,6515,340,120.0
7978,6789,377,172.20159151193633
7978,8396,1,240.0
7978,9279,375,120.48
7979,7684,437,47.64302059496568
7980,2256,855,60.0
7980,7284,1,1680.0
7981,7982,461,30.13015184381779
7982,4779,459,60.0
7982,7983,2,45.0
7983,6067,3,560.0
7983,6069,1,660.0
7984,7813,1,60.0
7985,7986,461,57.982646420824295
7986,8457,461,59.869848156182215
7987,6079,459,60.0
7991,4904,316,31.99367088607595
7992,7993,1038,45.115606936416185
7993,3654,581,60.0
7993,6560,457,60.0
7994,6066,579,47.09844559585492
7995,7994,579,43.8860103626943
7996,2439,409,120.0
7996,9686,741,57.57085020242915
7997,3656,838,57.9236276849642
7998,4735,249,60.0
7998,7256,579,60.0
7999,8003,322,59.34782608695652
8000,5980,196,276.1224489795918
8001,9482,457,378.38074398249455
8002,3850,447,69.39597315436242
8002,7999,7,60.0
8003,5179,4,60.0
8003,8432,314,60.0
8004,5862,541,133.3086876155268
8005,7998,249,60.0
8006,6534,1,60.0
8006,6737,278,120.0
8007,7263,379,60.0
8008,7978,3,180.0
8009,7627,572,49.56293706293706
8010,9501,362,60.0
8011,8012,345,30.0
8012,8344,345,59.91304347826087
8013,3671,2,1680.0
8013,8428,410,31.170731707317074
8014,3720,379,55.09234828496042
8015,7478,437,39.610983981693366
8016,2079,370,60.0
8016,8176,4,60.0
8017,8539,560,53.67857142857143
8018,8213,557,57.307001795332134
8019,2349,147,60.0
8019,7370,662,91.81268882175226
8020,8345,362,60.0
8021,5016,290,62.06896551724138
8021,5037,924,60.0
8021,9845,395,60.0
8022,2933,1206,53.90547263681592
8026,5771,278,120.0
8026,8339,1304,120.0
8030,8031,395,63.037974683544306
8031,5436,395,63.037974683544306
8032,8036,147,60.0
8033,8034,537,60.0
8034,5405,147,87.34693877551021
8034,6366,390,94.0
8035,5029,381,49.60629921259842
8036,8037,147,111.83673469387755
8037,5483,147,68.16326530612245
8038,5750,1004,59.25298804780876
8038,5752,762,120.55118110236221
8040,3479,390,110.76923076923077
8043,5380,390,87.6923076923077
8045,8046,576,41.25
8045,8048,390,67.6923076923077
8046,7672,576,184.0625
8048,8049,390,43.53846153846154
8049,6130,390,46.84615384615385
8051,3944,576,137.70833333333334
8052,5437,395,42.22784810126582
8053,8052,395,49.29113924050633
8054,5108,395,60.0
8055,8056,498,55.54216867469879
8056,8057,498,59.93975903614458
8057,6318,496,35.98790322580645
8057,6909,2,60.0
8058,2470,414,55.289855072463766
8058,6338,495,60.0
8058,8059,1,60.0
8059,8060,498,63.01204819277108
8060,8061,498,33.975903614457835
8061,6333,498,56.08433734939759
8062,8063,498,54.51807228915663
8063,8064,497,35.49295774647887
8064,2425,179,569.1620111731844
8064,3925,1,1200.0
8064,6136,736,120.0
8064,8704,2,1320.0
8065,7785,1,60.0
8066,7778,352,47.98295454545455
8067,8066,352,42.10227272727273
8067,8932,3,30.0
8068,5132,557,60.0
8069,6790,4,180.0
8069,7774,3,120.0
8070,5325,503,102.34592445328032
8071,8072,236,66.35593220338983
8072,8074,236,113.64406779661017
8074,3392,236,66.35593220338983
8074,7845,382,41.15183246073298
8076,5287,463,120.0
8080,8454,386,56.1139896373057
8086,8071,236,116.1864406779661
8089,8090,836,56.51913875598086
8090,8091,836,55.514354066985646
8091,5143,462,122.07792207792208
8091,5292,374,83.2620320855615
8093,8094,374,60.0
8094,5181,374,60.0
8098,6200,493,67.66734279918865
8099,8100,493,58.72210953346856
8100,8098,493,33.9553752535497
8102,5165,493,73.87423935091277
8103,9873,41,60.0
8104,6198,493,60.0
8105,6197,534,60.0
8106,5798,96,39.6875
8107,9732,446,36.053811659192824
8108,9476,888,60.0
8109,5895,577,120.0
8109,6307,110,60.0
8111,6303,647,67.41885625965998
8112,5881,807,118.88475836431226
8112,8111,105,65.71428571428571
8113,6302,912,60.0
8113,6686,408,60.0
8114,5825,408,41.838235294117645
8114,8118,888,51.0472972972973
8115,8114,1296,60.0
8117,5902,1887,108.362480127186
8118,6231,1356,93.27433628318585
8119,8198,421,46.46080760095012
8120,6185,413,65.81113801452784
8123,6761,1350,127.95555555555555
8124,8643,435,38.689655172413794
8125,8107,446,54.88789237668161
8126,8130,543,60.0
8127,6456,603,60.0
8127,9064,2,30.0
8128,6226,543,88.7292817679558
8129,4140,6,40.0
8130,8128,543,45.6353591160221
8131,8133,453,42.58278145695364
8132,6143,531,59.6045197740113
8133,8427,454,47.11453744493392
8134,8132,531,61.12994350282486
8135,7980,1,60.0
8138,6142,531,60.0
8139,8135,1,30.0
8140,5872,577,46.22183708838821
8140,7564,810,179.25925925925927
8140,8138,531,104.85875706214689
8141,5872,567,75.13227513227513
8141,8140,1320,60.0
8142,5843,488,41.18852459016394
8145,8147,862,42.11136890951276
8147,8149,866,59.930715935334874
8149,8162,866,58.302540415704385
8153,8154,870,58.55172413793103
8154,8155,870,49.51724137931034
8155,8156,870,60.0
8156,6359,870,172.75862068965517
8157,8159,870,60.0
8157,8161,890,95.86516853932584
8159,8161,870,58.55172413793103
8161,2601,2,480.0
8161,2799,1760,68.38636363636364
8162,8163,1783,66.66292765002804
8163,5789,917,98.27699018538713
8163,8165,866,57.92147806004619
8165,5789,866,60.0
8168,8169,778,60.0
8169,6378,778,65.93830334190231
8170,8142,488,48.81147540983606
8171,9609,909,37.65676567656766
8172,5842,907,60.0
8175,2425,315,446.6666666666667
8175,2486,2,120.0
8175,5264,807,312.41635687732344
8175,6374,1,540.0
8175,8058,585,86.76923076923077
8176,3866,382,60.0
8179,8279,865,49.630057803468205
8180,8182,452,49.18141592920354
8181,2828,462,50.58441558441559
8182,8184,452,56.084070796460175
8183,8181,462,39.41558441558441
8184,8209,452,60.0
8185,8183,462,60.0
8186,8187,1269,53.21513002364066
8187,2019,1269,243.97163120567376
8196,8179,865,60.69364161849711
8196,9918,452,73.27433628318585
8197,2096,2,60.0
8197,3861,2,360.0
8197,7252,378,60.0
8198,6713,423,86.95035460992908
8199,8198,2,60.0
8200,6523,836,73.85167464114832
8200,9921,474,194.1772151898734
8202,4529,1,120.0
8202,5845,487,41.14989733059548
8208,8210,462,33.246753246753244
8209,8211,452,51.3716814159292
8210,8185,462,56.753246753246756
8211,2816,452,38.96017699115044
8212,8281,978,79.93865030674847
8213,5219,560,53.94642857142857
8214,8215,438,60.0
8215,8217,438,62.054794520547944
8215,9409,917,116.20501635768811
8217,5704,438,58.97260273972603
8218,8259,609,60.0
8219,8220,357,60.0
8220,5479,357,60.0
8221,9313,409,59.85330073349633
8222,8221,409,60.0
8223,6590,487,36.837782340862425
8224,8223,487,60.0
8225,8226,487,60.0
8226,8227,487,36.837782340862425
8227,8233,487,53.162217659137575
8228,6393,409,60.0
8233,3488,487,73.67556468172485
8233,4798,249,60.0
8234,7985,461,30.0
8236,7992,581,32.99483648881239
8240,8241,457,30.0
8241,8242,457,60.0
8242,6559,457,60.0
8243,6138,457,40.17505470459518
8244,8245,457,54.42013129102845
8245,8246,457,35.57986870897155
8246,8253,457,54.42013129102845
8248,8249,457,60.0
8249,8250,457,35.25164113785558
8250,6942,457,54.74835886214442
8253,7992,457,71.1597374179431
8254,6558,457,35.57986870897155
8255,6011,505,58.81188118811881
8256,4897,418,111.5311004784689
8257,4788,486,58.76543209876543
8259,8262,609,40.49261083743843
8260,8261,365,59.178082191780824
8261,5514,365,60.0
8262,8338,609,55.960591133004925
8264,8265,499,56.212424849699396
8265,8266,499,56.6933867735471
8266,5062,499,37.09418837675351
8267,8268,912,58.35526315789474
8268,5063,413,60.0
8268,6171,499,59.699398797595194
8269,8270,457,42.99781181619256
8270,8271,517,57.969052224371374
8271,8625,517,32.95938104448743
8271,9815,655,173.22137404580153
8274,8275,517,60.0
8275,2858,517,79.49709864603481
8276,4480,60,60.0
8279,4968,865,60.0
8280,2826,462,60.0
8280,8212,978,79.57055214723927
8281,8341,978,44.84662576687116
8282,8196,865,60.0
8282,8707,125,91.2
8285,6770,321,30.0
8286,8287,321,57.47663551401869
8287,8288,321,60.0
8288,5965,321,30.0
8289,5966,321,30.0
8290,8291,321,45.60747663551402
8291,8292,321,60.0
8292,8316,321,60.0
8293,8294,410,46.02439024390244
8294,6271,410,43.97560975609756
8296,8297,410,46.09756097560975
8297,6273,410,60.0
8298,6156,375,50.48
8298,7223,448,41.38392857142857
8300,8325,443,35.75620767494357
8301,8302,404,60.0
8302,6270,404,60.0
8303,8304,410,92.1951219512195
8304,8307,410,60.0
8305,8306,404,60.0
8306,6266,404,60.0
8307,8308,410,60.0
8308,6274,410,30.0
8309,8310,170,30.0
8310,8311,170,60.0
8311,6160,170,60.0
8312,6265,404,60.0
8313,8314,321,30.0
8314,5963,321,60.0
8315,5962,321,37.19626168224299
8315,8316,3,900.0
8316,8317,321,60.0
8317,5967,319,44.48275862068966
8317,5969,2,120.0
8318,7852,344,59.73837209302326
8318,7853,315,60.0
8318,7854,2,120.0
8319,4896,320,48.375
8319,7377,344,60.0
8320,7678,20,60.0
8320,7849,320,60.0
8321,8671,21,37.142857142857146
8321,9379,164,60.0
8322,8323,410,43.90243902439025
8323,8324,410,60.0
8324,6272,410,46.02439024390244
8325,7631,443,55.93679458239278
8326,6268,391,61.45780051150895
8327,8397,335,44.417910447761194
8331,6929,459,60.0
8332,4591,434,60.0
8332,7447,35,77.14285714285714
8333,5371,30,60.0
8334,5612,459,44.705882352941174
8335,8336,441,33.74149659863946
8336,8337,441,56.59863945578231
8337,8596,441,59.65986394557823
8338,8350,609,46.1576354679803
8339,5771,388,30.0
8339,8022,916,59.83624454148472
8341,4918,858,48.32167832167832
8341,8489,120,60.0
8342,8282,990,56.18181818181818
8344,6895,1,60.0
8344,6896,2,60.0
8344,7087,342,48.59649122807018
8345,8010,362,59.668508287292816
8346,8020,362,46.07734806629834
8347,9703,418,53.4688995215311
8348,7795,622,60.48231511254019
8349,8351,383,35.87467362924282
8350,8354,609,60.0
8351,2150,383,60.0
8352,9692,432,32.43055555555556
8354,8359,609,60.0
8355,4210,1,960.0
8355,6510,644,116.27329192546584
8357,8011,345,47.73913043478261
8359,3698,609,51.87192118226601
8361,7736,406,35.02463054187192
8362,8452,386,60.0
8363,8364,384,41.40625
8364,8365,384,48.28125
8365,8367,379,60.0
8365,9356,5,54.0
8366,9948,415,60.0
8367,8524,383,53.18537859007833
8367,8893,6,50.0
8367,8901,743,45.50471063257066
8368,3751,1386,181.6883116883117
8368,6703,1,120.0
8369,9315,432,68.33333333333333
8369,9531,614,96.74267100977198
8370,7996,369,60.0
8371,7708,361,60.0
8372,8371,361,44.04432132963989
8373,7978,338,60.0
8373,7996,409,60.0
8374,7996,372,60.0
8376,7707,4,120.0
8376,8377,336,57.32142857142857
8377,8378,336,32.67857142857143
8378,7707,336,60.0
8379,7978,378,340.1587301587302
8381,7707,2,60.0
8382,8393,384,60.0
8383,8361,406,56.1576354679803
8384,8385,687,105.41484716157206
8385,6306,687,30.655021834061134
8386,8387,687,53.624454148471614
8387,6632,687,53.23144104803494
8388,6304,687,57.59825327510917
8389,8390,687,56.069868995633186
8390,9474,687,33.930131004366814
8392,5956,314,54.267515923566876
8392,5957,604,60.0
8393,8394,383,69.86945169712794
8393,9569,1,60.0
8393,9574,1,360.0
8393,9598,2,900.0
8394,9569,383,54.83028720626632
8395,7803,683,70.45387994143485
8396,4843,308,60.0
8397,7646,335,45.134328358208954
8399,7774,350,180.0
8401,4060,1,1440.0
8401,6499,320,60.0
8407,8408,428,60.0
8408,8462,428,44.649532710280376
8409,8411,1024,54.140625
8410,8409,1024,53.4375
8411,7859,1024,43.974609375
8412,8413,842,60.0
8413,5215,202,30.0
8413,8720,640,59.15625
8414,8911,384,52.734375
8415,5189,202,32.524752475247524
8418,3398,369,187.64227642276424
8418,3399,90,196.66666666666666
8419,4545,90,234.66666666666666
8421,4590,434,54.815668202764975
8421,9066,15,80.0
8422,8424,391,69.97442455242967
8424,8961,391,41.27877237851662
8425,8439,388,32.16494845360825
8426,5907,836,71.1244019138756
8427,8002,454,55.242290748898675
8428,8436,410,37.390243902439025
8429,8431,320,60.0
8430,8383,406,35.02463054187192
8431,8578,320,39.375
8432,8429,320,50.25
8434,8392,382,120.0
8435,9202,320,60.0
8436,4163,411,54.01459854014598
8438,7969,391,60.0
8439,8477,390,51.0
8440,5148,30,180.0
8440,6537,35,94.28571428571429
8441,5700,45,216.0
8442,4271,374,201.6577540106952
8443,4793,1038,30.3757225433526
8445,9585,377,180.0
8446,5166,371,60.0
8447,4788,4,120.0
8447,8257,486,54.75308641975309
8448,8080,386,37.7720207253886
8449,5284,414,68.69565217391305
8451,2938,381,49.60629921259842
8452,8453,386,36.60621761658031
8453,8448,386,60.0
8454,8446,371,151.53638814016173
8454,9066,15,340.0
8455,7112,231,58.05194805194805
8456,7641,44,60.0
8456,7643,2,120.0
8457,7981,461,60.0
8458,2897,415,60.0
8458,3498,596,60.100671140939596
8458,3800,401,56.25935162094763
8458,4738,487,83.53182751540041
8459,8234,461,60.0
8460,8682,320,60.0
8461,8355,1,60.0
8461,9138,319,42.31974921630094
8462,8410,1024,46.552734375
8464,7410,1114,166.80430879712748
8465,6296,1097,57.23792160437557
8467,5749,1510,53.920529801324506
8467,8469,421,59.287410926365794
8469,8471,421,30.712589073634206
8471,5433,421,59.287410926365794
8472,4266,2,30.0
8473,2794,589,39.67741935483871
8474,5772,572,137.93706293706293
8476,7573,440,53.38636363636363
8477,8890,390,38.92307692307692
8478,8479,377,119.20424403183024
8479,8480,377,30.397877984084882
8480,8481,377,59.60212201591512
8481,8936,377,60.795755968169765
8482,8483,1,60.0
8483,7772,1,60.0
8484,8485,350,60.0
8484,8936,2,45.0
8485,8486,708,46.610169491525426
8486,6664,350,30.0
8486,8487,358,56.4804469273743
8487,8488,358,60.0
8488,8925,358,33.5195530726257
8489,8490,120,60.0
8490,8491,120,36.25
8491,2503,120,60.0
8497,8498,125,60.0
8498,8499,125,30.0
8499,6491,125,60.0
8500,8342,990,46.39393939393939
8501,2476,125,120.0
8501,8502,778,60.0
8502,8503,778,57.030848329048844
8503,7693,778,32.969151670951156
8504,8505,807,56.87732342007435
8505,2505,807,44.014869888475836
8506,6363,807,81.78438661710037
8507,8508,848,60.0
8507,9667,420,180.0
8508,5859,457,60.0
8508,8509,1429,59.60111966410077
8508,8510,249,60.0
8509,8510,1429,32.603219034289715
8510,3621,581,60.2065404475043
8510,8668,496,110.9274193548387
8510,9199,601,60.0
8511,8512,1144,60.0
8512,3572,140,480.0
8512,4118,892,60.0
8512,6854,457,177.3741794310722
8512,7997,252,120.0
8513,3405,683,64.9194729136164
8514,3622,457,30.0
8515,4744,658,120.0
8515,7799,358,59.91620111731844
8515,9203,249,60.0
8516,4824,658,86.17021276595744
8517,2954,327,60.0
8518,8519,683,60.0
8519,8520,683,60.0
8520,8521,683,60.0
8521,8522,683,60.0
8522,9600,683,60.0
8523,6135,754,59.92042440318303
8524,8349,383,54.12532637075718
8525,5478,231,60.0
8526,8507,1268,59.290220820189276
8527,6973,555,37.027027027027025
8528,5438,374,50.213903743315505
8529,7001,30,100.0
8530,8440,30,80.0
8530,8645,15,120.0
8531,5038,548,120.0
8531,9066,2,30.0
8532,8533,560,55.017857142857146
8533,4846,560,59.57142857142857
8534,5129,556,50.611510791366904
8535,8536,556,48.669064748201436
8536,8913,556,41.330935251798564
8538,7458,556,40.68345323741007
8539,5134,560,42.267857142857146
8540,8541,560,59.839285714285715
8541,8542,560,53.892857142857146
8542,8543,560,44.410714285714285
8543,8532,560,50.410714285714285
8545,8548,400,46.875
8548,8629,400,43.125
8549,8550,382,34.47643979057592
8550,3471,382,59.84293193717277
8551,6174,329,69.11854103343465
8552,8553,557,60.0
8553,5741,557,58.114901256732495
8554,5871,756,60.0
8555,7957,899,60.0
8556,8557,2294,120.0
8557,8558,2294,180.0
8558,8559,2294,236.8875326939843
8559,8560,2474,184.3654001616815
8560,8561,2474,120.0
8561,9263,2574,120.0
8562,6827,2545,273.9489194499018
8563,8562,2545,120.0
8564,8563,2545,120.0
8565,8564,2545,170.1925343811395
8566,8565,2545,120.0
8567,6822,2483,221.39347563431332
8568,8567,2483,120.0
8569,8568,2483,120.0
8570,8569,2483,120.0
8571,8570,2483,172.02577527184857
8572,8571,2483,159.67780910189288
8573,7157,176,57.27272727272727
8574,7164,1,60.0
8574,9879,379,120.0
8575,8679,1232,41.54220779220779
8576,9440,870,60.0
8577,4317,41,48.292682926829265
8577,8362,15,60.0
8577,9389,1,60.0
8578,2152,314,101.27388535031847
8578,4108,6,50.0
8579,9634,502,75.0597609561753
8580,9626,621,60.0
8581,8582,394,30.0
8582,3842,2,780.0
8582,6404,2,60.0
8582,9566,392,245.35714285714286
8583,8607,374,35.53475935828877
8584,6267,1,60.0
8584,6853,442,34.07239819004525
8585,9626,801,60.0
8586,8599,443,42.934537246049665
8587,4086,800,60.0
8587,9559,432,47.22222222222222
8588,8589,444,30.0
8589,8590,444,55.945945945945944
8590,7005,1,30.0
8590,8591,443,41.24153498871332
8591,8602,443,48.75846501128668
8592,8593,443,60.0
8593,8586,443,47.13318284424379
8594,8595,442,40.85972850678733
8595,8604,442,49.14027149321267
8596,4946,441,30.34013605442177
8597,9551,1348,116.88427299703264
8598,6839,444,59.86486486486486
8599,8300,443,55.93679458239278
8600,8601,442,56.26696832579186
8601,9198,442,52.873303167420815
8602,8603,443,34.13092550790068
8603,8592,443,38.80361173814899
8604,8605,442,40.85972850678733
8605,4110,442,52.873303167420815
8606,7264,358,172.9608938547486
8607,3865,374,59.27807486631016
8608,8609,398,43.5678391959799
8609,6907,398,92.8643216080402
8610,8615,399,59.92481203007519
8610,8939,359,56.49025069637883
8611,6869,379,60.15831134564644
8611,8608,398,60.15075376884422
8612,8613,740,60.0
8613,8614,740,75.8108108108108
8614,9307,370,44.189189189189186
8614,9366,370,151.6216216216216
8615,2020,1,120.0
8615,4289,398,46.35678391959799
8618,6798,327,124.58715596330275
8619,8620,887,76.3021420518602
8620,8621,887,59.864712514092446
8621,5160,857,60.0
8621,5382,30,45.0
8622,6331,860,58.56976744186046
8623,9135,290,40.3448275862069
8625,6193,517,114.77756286266924
8626,3561,308,59.9025974025974
8627,9551,833,120.0
8627,9552,432,120.0
8628,8612,740,60.0
8629,6038,400,60.0
8630,6173,236,60.0
8630,6448,186,316.4516129032258
8631,7079,351,37.35042735042735
8632,7602,555,49.24324324324324
8633,5295,456,30.0
8634,5164,584,81.26712328767124
8636,9551,910,125.27472527472527
8637,8677,388,52.5
8638,4725,622,58.553054662379424
8639,2500,2,1800.0
8639,9773,2,180.0
8640,8641,2,30.0
8641,8381,2,90.0
8643,8127,435,48.206896551724135
8644,8944,589,58.37011884550085
8645,2490,576,121.77083333333333
8645,6537,10,240.0
8645,7008,15,60.0
8648,2905,589,34.07470288624788
8649,8650,855,82.73684210526316
8650,8651,855,57.92982456140351
8651,8652,855,44.0
8652,5299,855,60.0
8652,5303,186,94.83870967741936
8653,2234,655,142.1679389312977
8653,5999,650,67.01538461538462
8653,9977,45,53.333333333333336
8655,6555,394,47.89340101522843
8656,5200,630,51.57142857142857
8658,9265,25,60.0
8659,8660,556,59.19064748201439
8660,5131,556,33.830935251798564
8661,8662,559,33.971377459749554
8662,8068,552,60.0
8662,8069,7,47.142857142857146
8663,5248,41,60.0
8665,3791,388,110.72164948453609
8665,5305,504,179.4047619047619
8668,3577,457,55.20787746170679
8668,9728,481,493.72141372141374
8670,5217,288,180.0
8671,3393,20,54.0
8671,7635,1,30.0
8672,8673,416,55.3125
8673,6132,414,43.768115942028984
8673,8175,2,60.0
8674,2433,320,60.0
8676,8460,319,30.0
8677,2944,386,47.25388601036269
8677,8218,2,60.0
8678,7801,348,60.0
8679,8587,1232,48.45779220779221
8680,3623,434,60.0
8680,8668,457,60.0
8681,9399,353,65.09915014164307
8682,7953,320,30.0
8683,8684,630,47.857142857142854
8684,8685,630,42.142857142857146
8685,5221,630,47.857142857142854
8688,8689,646,43.56037151702786
8689,5206,646,41.93498452012384
8690,5198,630,31.904761904761905
8691,8692,630,38.42857142857143
8692,8693,630,51.57142857142857
8693,8656,630,38.42857142857143
8694,8695,643,52.30171073094868
8695,5208,643,37.69828926905132
8696,8697,643,43.157076205287716
8697,5209,643,60.0
8698,8790,643,49.64230171073095
8699,8700,630,45.0
8700,5196,630,45.0
8701,8702,630,56.57142857142857
8702,8690,630,60.0
8703,8704,1013,64.44225074037513
8704,2874,186,107.09677419354838
8704,5212,199,38.5929648241206
8704,8705,628,65.1592356687898
8705,8706,827,41.06408706166868
8706,8712,827,59.8186215235792
8707,9526,125,120.0
8708,5191,640,90.0
8708,8709,202,59.554455445544555
8709,5191,202,45.445544554455445
8710,8711,885,46.13559322033898
8711,5192,842,56.43705463182898
8711,5193,181,32.48618784530387
8712,8714,1377,84.92374727668846
8713,2814,348,47.93103448275862
8714,5214,827,59.8186215235792
8714,5428,550,47.45454545454545
8715,8412,628,59.80891719745223
8715,8716,199,31.507537688442213
8716,8412,199,58.34170854271357
8717,8718,842,65.34441805225653
8718,5412,1373,60.43699927166788
8720,8721,842,36.55581947743468
8721,8722,842,59.14489311163896
8722,5216,842,41.22327790973872
8723,8724,210,33.857142857142854
8723,8725,632,35.12658227848101
8724,8725,210,30.0
8725,8726,842,60.0
8726,8727,842,55.19002375296912
8727,8728,202,36.68316831683168
8727,8729,640,60.0
8728,8729,202,53.31683168316832
8729,8730,842,38.0166270783848
8730,5189,640,66.375
8730,8415,202,60.0
8731,8732,202,40.24752475247525
8732,8733,842,36.55581947743468
8733,5217,640,118.3125
8733,8734,202,59.10891089108911
8734,5217,202,60.0
8735,8736,202,36.68316831683168
8735,8737,640,60.0
8736,8737,202,53.31683168316832
8737,5187,202,36.68316831683168
8737,8723,640,66.75
8738,8739,857,50.793465577596265
8739,3396,857,53.13885647607935
8740,3642,353,120.0
8741,3398,845,68.44970414201184
8742,8760,446,54.28251121076233
8743,8744,845,55.59763313609467
8744,5175,845,56.05917159763314
8745,9738,435,60.0
8746,4530,358,148.3240223463687
8746,5155,857,53.13885647607935
8746,5156,1533,109.74559686888453
8747,5156,857,50.44340723453909
8748,5171,835,59.82035928143713
8749,6650,835,94.13173652694611
8750,5351,462,58.37662337662338
8751,5349,464,38.4698275862069
8752,5288,861,60.0
8753,8754,862,53.49187935034803
8754,5333,862,36.47331786542924
8755,8756,503,30.29821073558648
8756,8757,503,59.70178926441352
8757,5320,503,32.74353876739563
8758,8762,503,57.49502982107356
8759,6958,504,60.0
8760,2112,446,35.71748878923767
8761,8745,435,30.0
8762,5321,503,35.24850894632207
8763,8764,503,32.74353876739563
8764,8765,503,57.25646123260437
8765,5322,503,60.0
8766,8784,503,57.19681908548708
8767,8768,504,56.726190476190474
8768,8769,504,60.0
8769,5308,504,60.0
8770,5309,504,60.0
8771,7926,506,101.6205533596838
8772,5318,503,60.0
8773,5315,505,60.0
8774,8775,504,60.0
8775,6902,504,52.67857142857143
8776,5319,503,34.53280318091451
8777,8778,504,60.0
8778,5313,504,60.0
8779,9310,505,59.94059405940594
8780,8774,504,34.583333333333336
8781,8773,505,40.99009900990099
8782,6659,857,77.22287047841307
8783,8758,503,57.25646123260437
8784,5136,503,57.55467196819085
8785,8777,504,41.01190476190476
8786,5365,462,47.077922077922075
8787,2042,398,68.44221105527639
8787,5339,464,30.646551724137932
8788,5336,464,51.400862068965516
8788,5337,398,60.0
8789,5363,462,60.0
8789,5364,399,71.2781954887218
8790,5210,643,56.734059097978225
8791,5150,857,47.64294049008168
8792,5153,857,57.54959159859977
8793,5170,835,58.05988023952096
8793,5171,1884,111.21019108280255
8795,4472,408,43.89705882352941
8796,2833,164,49.02439024390244
8797,8899,164,60.0
8799,8802,1319,78.05913570887036
8800,8814,1043,59.13710450623202
8802,6741,290,60.0
8802,8804,1029,76.03498542274052
8803,6736,2,1380.0
8803,8841,1320,55.70454545454545
8804,8818,1029,43.79008746355685
8805,6739,662,54.38066465256797
8806,5027,647,60.0
8807,5029,662,49.16918429003021
8808,8809,1043,47.718120805369125
8809,8800,1043,43.14477468839885
8810,6742,1029,49.21282798833819
8811,5024,1029,37.72594752186589
8812,8813,647,50.91190108191654
8813,6731,647,39.08809891808346
8814,5030,1043,54.27612655800575
8815,8816,1043,56.692233940556086
8816,8817,1043,53.26941514860978
8817,6638,1043,60.0
8818,8819,1029,66.23906705539359
8819,5022,1029,34.606413994169095
8820,8821,1029,45.626822157434404
8821,8810,1029,51.778425655976676
8822,9358,383,60.0
8823,2856,765,40.90196078431372
8824,5036,662,120.0
8825,5010,647,65.74961360123648
8826,5611,184,38.15217391304348
8832,5079,836,68.6842105263158
8832,9821,1227,66.84596577017115
8833,7765,55,38.18181818181818
8834,8835,659,49.75720789074355
8835,5065,659,83.58118361153262
8836,8837,1202,52.96173044925125
8837,8838,1202,60.32445923460899
8838,5066,1202,58.901830282861894
8839,8825,647,74.3740340030912
8840,2038,2,3000.0
8840,6556,2,1680.0
8840,6898,2,1200.0
8840,7083,2,1380.0
8840,7627,2,2100.0
8840,8582,2,2520.0
8840,8803,2,600.0
8840,8841,1,30.0
8841,5505,1,240.0
8841,5779,1320,77.22727272727273
8842,5012,278,60.0
8842,5037,662,60.0
8843,5017,937,121.28068303094985
8846,5011,647,64.63678516228748
8847,3391,659,52.716236722306526
8847,8826,184,51.84782608695652
8849,9820,836,107.72727272727273
8850,8851,345,32.17391304347826
8851,2436,10,600.0
8851,3869,4,37.5
8851,4909,326,59.4478527607362
8851,4916,5,528.0
8852,5012,1304,55.421779141104295
8852,5016,647,60.0
8853,8854,347,49.02017291066282
8854,8857,347,44.43804034582133
8855,8856,346,36.589595375722546
8856,9136,346,226.64739884393063
8857,8858,347,56.54178674351585
8858,4943,347,33.45821325648415
8859,8860,346,36.50289017341041
8860,8855,346,53.49710982658959
8861,2831,164,40.0609756097561
8862,2515,800,46.95
8863,8864,1181,53.54784081287045
8864,3486,531,60.0
8864,8865,650,69.32307692307693
8865,5071,650,87.41538461538461
8866,5072,650,58.10769230769231
8867,8849,836,63.8755980861244
8868,8869,432,60.0
8869,8870,432,60.0
8870,4091,432,30.0
8871,8872,432,38.333333333333336
8872,8873,432,60.0
8873,9693,432,60.0
8874,8875,934,51.359743040685224
8875,8876,934,39.92505353319058
8876,4984,502,60.0
8876,8868,432,60.0
8877,9653,502,120.0
8878,8879,347,58.27089337175793
8879,4907,1188,56.01010101010101
8879,7798,10,120.0
8879,9515,15,120.0
8879,9864,2,1800.0
8880,8881,317,42.77602523659306
8880,9357,378,36.42857142857143
8881,8884,317,47.22397476340694
8882,8887,164,49.02439024390244
8883,4839,395,57.34177215189873
8884,2501,317,30.0
8886,8796,164,40.97560975609756
8887,2846,865,53.202312138728324
8887,4915,164,81.95121951219512
8890,8891,390,51.07692307692308
8891,8892,390,42.84615384615385
8892,8523,385,49.324675324675326
8892,9573,5,42.0
8893,8894,395,33.721518987341774
8894,8895,395,60.0
8895,8896,395,59.924050632911396
8896,8883,395,32.65822784810127
8899,3805,164,49.02439024390244
8900,5488,231,180.0
8900,7123,238,120.0
8901,2149,392,60.0
8901,2151,379,60.0
8901,3470,364,60.0
8902,8393,3,300.0
8902,8903,383,50.44386422976501
8902,8904,1,30.0
8903,8904,383,39.55613577023499
8904,8905,384,70.625
8905,8906,384,49.84375
8906,8907,384,49.609375
8907,8908,384,50.390625
8908,8382,384,60.0
8909,8861,164,99.8780487804878
8910,8909,164,80.1219512195122
8911,8912,384,48.59375
8912,8363,384,46.40625
8913,8538,556,50.611510791366904
8914,8915,360,60.833333333333336
8915,8916,360,60.0
8916,8917,360,120.0
8917,8918,360,55.916666666666664
8918,8919,360,60.833333333333336
8919,8920,360,60.0
8920,8921,360,60.0
8921,8922,360,120.83333333333333
8922,8923,360,60.0
8923,3724,360,60.833333333333336
8924,2834,164,81.95121951219512
8925,7786,358,56.4804469273743
8926,8517,327,82.56880733944953
8932,8933,3,60.0
8933,8008,3,120.0
8936,8937,379,30.15831134564644
8937,8938,379,118.89182058047493
8938,8611,379,30.395778364116094
8939,8940,359,67.01949860724234
8940,8482,1,30.0
8940,8485,358,56.4804469273743
8944,3599,4,120.0
8944,6456,581,60.0
8944,9021,4,30.0
8947,3732,379,60.0
8947,3769,373,60.0
8947,5613,1,60.0
8947,8399,338,60.0
8951,6529,1,180.0
8951,8952,353,60.0
8952,6528,751,44.10119840213049
8953,8954,776,47.31958762886598
8954,3733,377,60.0
8954,6529,399,59.849624060150376
8956,8957,354,30.084745762711865
8957,9268,354,60.0
8958,8951,354,30.0
8961,2574,503,180.0
8961,8953,399,144.21052631578948
8961,9267,391,194.57800511508952
8962,5245,576,154.375
8963,8964,576,39.635416666666664
8964,5242,576,60.0
8965,8966,576,39.635416666666664
8966,5243,576,60.0
8967,5244,576,30.0
8968,5229,576,57.708333333333336
8969,6721,576,57.708333333333336
8969,6722,154,60.0
8970,8971,576,60.0
8971,5230,576,38.802083333333336
8972,5240,1320,49.27272727272727
8972,6134,329,58.632218844984806
8973,8974,1320,46.97727272727273
8974,8803,1320,53.61363636363637
8975,8976,1338,49.73094170403587
8976,5481,2,240.0
8976,5811,2,1320.0
8976,8432,4,2220.0
8976,8977,1338,56.771300448430495
8976,9570,4,1770.0
8977,8978,1338,46.681614349775785
8978,6140,1338,40.51569506726457
8979,5467,327,41.28440366972477
8979,7403,1338,45.11210762331839
8980,5502,576,87.8125
8982,8983,576,43.177083333333336
8983,7298,576,51.927083333333336
8984,5260,576,42.03125
8985,8986,550,64.9090909090909
8986,3745,550,60.0
8987,8988,576,50.416666666666664
8988,5272,576,39.583333333333336
8989,8990,576,69.375
8990,5273,576,53.75
8991,8992,576,60.0
8992,5261,576,40.989583333333336
8993,5263,576,40.416666666666664
8994,8995,576,39.635416666666664
8995,8996,576,51.40625
8996,5235,576,62.083333333333336
8997,8998,576,57.1875
8998,8999,576,60.0
8999,9005,1129,31.116031886625333
9000,9001,576,57.604166666666664
9001,5236,576,60.0
9003,6753,576,38.75
9004,5096,557,48.04308797127469
9004,5234,576,60.0
9004,5502,2,600.0
9005,9050,1129,47.53764393268379
9008,7532,1340,58.43283582089552
9008,9009,578,42.56055363321799
9009,5738,1135,49.268722466960355
9010,9011,1206,39.12935323383085
9011,5269,1206,58.78109452736319
9012,9013,576,60.0
9013,9014,576,43.385416666666664
9014,5265,576,49.21875
9015,7537,1147,70.72362685265911
9016,5271,576,90.9375
9017,9018,576,51.71875
9018,9019,576,49.270833333333336
9019,9012,576,58.90625
9020,8914,360,60.0
9021,2731,166,41.024096385542165
9021,8125,446,59.663677130044846
9022,6778,154,58.05194805194805
9023,6619,154,58.05194805194805
9025,5459,154,86.1038961038961
9027,9028,630,57.666666666666664
9028,9274,630,32.333333333333336
9029,5782,571,42.819614711033275
9030,5147,462,58.701298701298704
9030,8645,576,85.83333333333333
9032,9029,571,49.176882661996494
9033,5740,557,50.736086175942546
9034,9033,557,39.263913824057454
9035,9034,557,51.54398563734291
9036,6353,751,94.75366178428762
9037,9036,751,60.0
9038,6352,751,80.85219707057257
9039,9040,1327,40.78372268274303
9040,9041,1327,55.20723436322532
9041,5742,1327,60.22607385079126
9042,5461,367,42.915531335149865
9042,5994,325,60.0
9043,9082,329,60.0
9044,9083,325,54.36923076923077
9045,5103,557,57.84560143626571
9045,9004,578,85.12110726643598
9049,9057,1322,59.8411497730711
9050,5103,553,60.0
9050,5783,576,64.6875
9057,5780,571,32.364273204903675
9057,6350,751,57.802929427430094
9061,9062,571,43.18739054290718
9062,9063,571,57.635726795096325
9063,5781,571,32.364273204903675
9064,8639,4,60.0
9065,6392,770,121.94805194805195
9066,4588,90,250.0
9066,9008,2,60.0
9067,7955,400,47.625
9068,9069,502,30.0
9069,2416,502,52.23107569721115
9071,7361,502,57.310756972111555
9072,6259,164,60.0
9073,9074,505,48.17821782178218
9074,2280,505,96.7128712871287
9076,3766,531,104.18079096045197
9076,6344,1,60.0
9077,4690,1,360.0
9077,4841,565,102.3716814159292
9079,3747,550,44.18181818181818
9080,6545,400,60.0
9081,5455,763,60.35386631716907
9081,5509,310,44.225806451612904
9082,3481,329,57.264437689969604
9083,6140,325,60.0
9084,7598,770,46.4025974025974
9085,9128,347,60.0
9086,9085,347,30.086455331412104
9087,6161,170,30.0
9088,9089,170,30.0
9089,9090,170,30.0
9090,6163,170,60.0
9091,9092,170,60.0
9092,9093,170,30.0
9093,6164,170,30.0
9094,9095,223,59.865470852017935
9095,9154,223,43.18385650224215
9096,6239,574,38.88501742160279
9096,6466,396,60.0
9097,6276,983,57.25330620549339
9098,6467,396,53.56060606060606
9099,9100,402,36.71641791044776
9100,6470,402,60.0
9101,9102,983,60.061037639877924
9102,6916,980,60.0
9102,9317,3,80.0
9103,9316,970,30.0
9104,6262,970,60.0
9105,6263,970,37.88659793814433
9106,9334,164,41.707317073170735
9107,9108,347,60.0
9108,9109,347,60.0
9109,9110,347,30.0
9110,9086,347,59.913544668587896
9111,6103,339,35.575221238938056
9112,6562,346,60.0
9113,9114,347,30.0
9114,9115,347,30.086455331412104
9115,6283,347,59.913544668587896
9116,9117,347,30.086455331412104
9117,6284,347,59.913544668587896
9118,9119,347,59.913544668587896
9119,9120,347,30.086455331412104
9120,9107,347,60.0
9121,6285,339,60.0
9122,6551,339,54.424778761061944
9123,9124,339,35.663716814159294
9124,7369,339,54.336283185840706
9125,6287,339,30.088495575221238
9126,9127,338,30.0
9127,6101,338,60.0
9128,9129,347,30.0
9129,6288,347,60.0
9130,9132,347,30.0
9131,6289,346,227.8612716763006
9131,8704,1,720.0
9132,9131,347,60.0
9133,6772,369,30.0
9135,9260,290,58.96551724137931
9136,4024,347,50.92219020172911
9136,7706,2,420.0
9137,8321,1,30.0
9138,5971,634,550.410094637224
9138,6510,20,180.0
9138,9106,164,611.7073170731708
9139,5286,344,402.0348837209302
9139,7469,2,270.0
9139,7484,1,960.0
9140,4124,321,60.0
9140,9395,866,63.533487297921475
9141,7022,940,35.265957446808514
9143,9144,222,43.108108108108105
9144,6464,222,60.0
9145,9146,222,60.0
9146,9167,222,43.108108108108105
9147,9148,222,46.891891891891895
9148,9149,222,60.0
9148,9326,1,120.0
9149,6473,224,55.3125
9150,9151,314,38.59872611464968
9151,9152,314,51.40127388535032
9152,9166,314,77.19745222929936
9153,6062,320,51.09375
9154,6127,223,46.81614349775785
9155,9103,970,60.0
9156,9084,770,89.14285714285714
9157,6485,222,46.891891891891895
9157,9167,1,60.0
9158,5959,314,40.031847133757964
9159,5960,319,37.05329153605015
9160,9161,319,37.05329153605015
9161,9162,319,52.94670846394985
9162,9163,319,37.05329153605015
9163,8315,319,52.94670846394985
9164,9165,319,60.0
9165,5969,319,44.48275862068966
9166,9158,314,54.267515923566876
9167,6059,223,59.865470852017935
9168,9169,223,43.04932735426009
9169,6058,222,60.0
9169,6061,1,60.0
9170,9171,170,60.0
9171,9087,170,60.0
9172,9259,1019,60.0
9173,9174,589,38.149405772495754
9174,5630,762,127.48031496062993
9174,6562,2,1200.0
9174,9175,589,30.050933786078097
9175,6098,589,69.16808149405773
9176,9246,338,111.12426035502959
9177,9178,436,30.0
9178,3381,764,239.60732984293193
9178,5640,436,60.0
9179,5641,1024,61.7578125
9180,6099,345,100.0
9181,9192,459,60.0
9183,9312,258,59.41860465116279
9184,7591,258,60.0
9186,9191,751,61.8375499334221
9187,5512,402,60.0
9187,6408,352,180.0
9189,4767,249,60.0
9189,5512,55,60.0
9189,9299,2,1320.0
9189,9904,5,900.0
9191,6351,751,60.0
9192,3940,459,67.45098039215686
9195,9241,770,60.0
9196,8694,643,37.69828926905132
9197,5939,442,60.0
9198,8594,442,60.0
9199,8515,607,160.52718286655684
9200,9275,372,90.64516129032258
9201,6058,1,60.0
9201,6063,2,600.0
9202,6578,808,59.443069306930695
9203,9204,249,60.0
9204,9205,249,60.0
9205,9206,249,60.0
9206,9207,249,120.0
9207,7935,249,30.0
9209,9217,249,60.0
9210,9211,249,60.0
9211,9212,249,52.16867469879518
9212,9300,1,120.0
9212,9306,249,75.66265060240964
9213,3967,358,59.91620111731844
9214,6485,1,720.0
9215,3940,257,60.0
9216,4780,418,107.22488038277513
9217,4929,249,273.49397590361446
9218,9212,1,60.0
9218,9219,257,60.0
9219,9300,257,59.416342412451364
9223,9224,257,74.00778210116732
9224,4930,257,52.99610894941634
9225,9226,249,60.0
9226,5566,249,43.25301204819277
9227,9256,249,30.0
9228,5570,257,57.19844357976654
9229,9230,257,41.08949416342413
9230,7258,257,60.0
9233,9234,396,60.0
9234,9235,396,30.0
9235,6468,396,60.0
9236,5569,257,57.19844357976654
9237,9257,257,43.42412451361868
9238,9239,249,43.25301204819277
9239,9240,249,46.74698795180723
9240,8005,249,60.0
9241,6391,770,68.64935064935065
9242,9243,257,60.0
9243,5568,257,57.66536964980545
9245,7253,352,57.44318181818182
9246,6480,338,30.0
9247,8414,384,37.03125
9249,9568,439,131.75398633257404
9250,3619,1,180.0
9250,3620,1,120.0
9250,9612,20,60.0
9251,4100,2,2700.0
9251,6750,2,1200.0
9251,9777,1,900.0
9252,9253,800,79.8
9253,9254,1278,48.89671361502347
9254,1932,478,119.3723849372385
9254,8579,507,60.0
9254,8585,800,84.825
9256,5567,249,60.0
9257,9228,257,93.15175097276264
9258,9111,339,60.0
9259,5640,2,1200.0
9259,6421,431,60.0
9259,9173,589,60.0
9260,8799,290,63.10344827586207
9261,9262,2390,120.0
9262,6801,2390,180.0
9263,9264,2574,184.1958041958042
9264,9387,2713,120.0
9265,7009,10,120.0
9265,8530,15,120.0
9266,2417,505,49.366336633663366
9267,6546,392,60.0
9268,8958,354,60.0
9269,6411,377,60.0
9270,4176,377,127.79840848806366
9272,6109,2,2220.0
9272,6431,2,960.0
9272,8064,4,3000.0
9272,9259,2,1140.0
9273,4010,392,30.0
9273,7227,442,30.0
9273,9967,4,30.0
9274,9009,630,57.666666666666664
9275,1933,372,120.0
9276,9277,375,90.4
9277,9278,375,44.72
9278,9357,375,59.92
9279,9280,375,60.0
9280,9281,375,30.0
9281,9282,375,120.0
9282,9283,375,30.0
9283,3713,375,60.0
9284,9285,375,45.28
9284,9286,1,60.0
9285,9286,375,44.8
9286,9287,376,90.47872340425532
9287,9288,376,59.920212765957444
9288,9289,376,60.079787234042556
9289,4302,1,30.0
9289,8947,375,119.84
9290,9292,622,60.0
9291,8443,600,61.7
9292,9539,1,120.0
9292,9872,621,60.0
9294,9295,421,60.0
9295,9187,421,120.0
9297,2248,947,47.64519535374868
9297,4941,409,60.0
9299,2164,1,30.0
9300,6588,258,60.0
9302,9303,421,30.0
9303,9304,421,60.0
9304,9294,421,30.0
9306,9314,249,60.0
9307,9372,370,91.62162162162163
9309,5916,568,63.16901408450704
9310,8781,505,60.0
9311,9258,339,30.0
9312,6589,258,60.0
9313,9297,409,60.293398533007334
9314,9209,249,52.16867469879518
9314,9216,418,53.038277511961724
9315,9343,432,60.0
9316,9104,970,60.0
9317,9318,3,40.0
9318,9332,3,50.0
9324,9325,173,60.0
9325,6681,173,30.0
9326,9327,2,30.0
9327,6063,2,60.0
9328,9329,224,47.00892857142857
9329,6063,224,59.732142857142854
9330,5720,164,69.14634146341463
9331,7589,357,60.0
9332,9333,3,60.0
9333,9149,2,45.0
9333,9326,1,60.0
9334,9330,164,48.292682926829265
9335,5402,572,32.36013986013986
9339,2853,806,92.90322580645162
9340,9341,1012,60.77075098814229
9341,9342,1012,40.07905138339921
9342,9705,1012,59.555335968379445
9343,4723,432,87.5
9344,9345,1013,66.92991115498519
9345,9346,1013,42.79368213228035
9346,9347,1013,58.48963474827246
9347,2348,417,176.25899280575538
9347,7701,1,180.0
9347,9756,595,60.0
9348,7894,621,51.06280193236715
9349,9350,383,44.41253263707572
9350,9351,383,51.932114882506525
9351,4845,383,53.89033942558747
9352,3717,384,30.625
9353,9354,383,30.0
9354,3533,383,60.0
9355,6983,931,35.83243823845328
9355,9606,572,30.0
9356,9573,774,52.13178294573643
9357,3366,752,79.7872340425532
9357,9284,1,180.0
9358,7291,3,120.0
9358,7311,380,34.6578947368421
9359,3506,1,30.0
9359,3610,2,60.0
9361,9623,502,43.147410358565736
9362,9363,432,60.0
9363,4986,432,60.0
9364,3400,370,44.189189189189186
9364,9639,1,60.0
9365,9368,371,120.0
9366,9367,371,60.0
9367,9364,371,119.75741239892183
9368,9369,371,60.0
9369,8628,370,120.0
9369,9267,1,720.0
9370,8628,370,60.0
9370,9366,1,60.0
9372,4288,370,44.189189189189186
9373,2481,414,60.0
9373,9451,2,60.0
9374,9565,317,58.10725552050473
9376,6489,348,60.0
9377,9378,441,47.3469387755102
9378,9381,441,55.57823129251701
9379,4979,164,30.0
9380,7007,20,120.0
9381,9382,441,47.074829931972786
9382,6513,40,33.75
9382,8335,401,42.34413965087282
9383,4316,408,60.0
9384,9365,371,59.919137466307276
9385,9896,2483,180.0
9387,9392,2713,120.0
9388,4318,51,60.0
9389,9383,408,34.85294117647059
9390,9391,2390,120.0
9391,9261,2390,120.0
9392,9386,2713,151.82454847032804
9393,3572,557,630.1615798922801
9393,7997,581,74.35456110154905
9395,8576,866,60.0
9396,9398,2674,169.63350785340313
9397,4720,6,30.0
9399,8740,353,60.0
9400,2794,890,240.0
9400,9402,1340,86.14925373134328
9402,2655,1340,63.0
9404,9405,438,60.0
9405,5702,438,60.0
9407,5703,917,98.27699018538713
9407,9408,438,64.79452054794521
9408,5703,438,60.0
9409,2795,917,264.7982551799346
9409,9410,438,40.95890410958904
9410,5705,438,56.23287671232877
9411,5706,439,60.0
9412,9413,728,30.041208791208792
9413,4611,288,60.0
9413,5729,440,60.13636363636363
9414,5680,1,120.0
9414,9415,439,56.583143507972665
9415,9416,439,60.0
9416,5730,439,33.416856492027335
9417,5708,439,32.46013667425968
9418,9419,440,30.068181818181817
9419,2168,439,87.47152619589977
9419,9412,1,300.0
9420,9421,439,57.26651480637813
9421,5712,439,60.68337129840547
9422,9423,439,60.0
9423,9446,439,53.8496583143508
9424,9425,439,66.15034168564921
9425,9426,439,53.50797266514807
9426,5731,439,66.83371298405467
9428,5732,439,60.0
9429,9430,439,60.0
9430,5733,439,41.00227790432802
9430,5734,890,133.61797752808988
9433,9434,439,60.0
9434,5734,439,48.31435079726651
9438,6667,1189,57.12363330529857
9439,7892,890,138.40449438202248
9439,9438,1188,47.196969696969695
9440,9439,1188,59.494949494949495
9441,9442,439,57.26651480637813
9442,9443,439,60.68337129840547
9443,9444,439,54.19134396355353
9444,9445,439,72.3006833712984
9445,9420,439,109.06605922551253
9446,9447,439,40.31890660592255
9447,9448,439,60.0
9448,9449,439,57.608200455580864
9449,2084,438,56.23287671232877
9449,9450,1,60.0
9450,7623,1,60.0
9451,2481,2,30.0
9452,2797,1187,49.587194608256105
9453,3870,624,179.51923076923077
9453,3923,324,49.53703703703704
9454,9455,324,60.0
9455,9456,324,46.48148148148148
9456,9457,324,49.53703703703704
9457,9458,324,40.46296296296296
9458,9459,324,41.01851851851852
9459,9453,324,40.46296296296296
9462,8113,1320,67.31818181818181
9468,9469,408,46.10294117647059
9469,9476,408,60.0
9470,9471,408,57.94117647058823
9471,5892,408,43.89705882352941
9474,5406,865,77.34104046242774
9474,7871,687,110.82969432314411
9476,8115,1296,60.0
9477,9981,858,147.62237762237763
9478,9479,870,60.0
9479,6360,870,58.44827586206897
9480,5875,984,60.0
9480,5901,549,52.131147540983605
9481,7543,457,421.96936542669584
9482,6297,457,51.46608315098468
9483,4322,861,41.742160278745644
9484,6383,861,60.0
9485,6291,457,61.969365426695845
9486,6290,457,60.0
9487,3902,164,60.0
9488,9934,164,60.0
9489,9490,164,60.0
9490,8910,164,120.0
9493,4916,164,141.9512195121951
9494,9563,332,51.41566265060241
9497,6969,164,60.0
9498,3620,865,60.0
9498,9499,315,60.0
9499,9374,317,31.892744479495267
9500,2431,948,60.0
9500,4981,324,36.01851851851852
9501,9502,363,59.917355371900825
9502,9503,363,40.413223140495866
9503,9504,363,49.586776859504134
9504,9505,363,40.413223140495866
9505,9506,363,70.74380165289256
9506,9507,363,109.0909090909091
9507,6044,358,45.92178770949721
9507,8376,5,60.0
9508,9509,344,47.7906976744186
9509,9510,344,119.30232558139535
9510,8357,340,42.35294117647059
9510,8544,4,60.0
9511,8575,432,55.486111111111114
9512,9539,621,49.806763285024154
9512,9662,432,51.736111111111114
9515,9516,335,60.0
9516,9517,335,60.0
9517,9518,335,60.0
9518,9519,335,66.71641791044776
9519,8327,335,60.0
9520,9521,331,117.09969788519638
9521,9522,331,60.0
9522,9523,331,60.0
9523,9524,331,114.92447129909365
9524,3617,315,60.0
9524,3868,1,30.0
9524,8850,15,120.0
9525,9842,459,60.0
9526,9914,125,60.0
9527,9528,432,59.30555555555556
9527,9656,614,60.0
9528,9529,432,58.263888888888886
9529,9530,432,48.958333333333336
9530,9872,432,60.0
9531,9532,614,56.33550488599349
9532,9533,614,40.1628664495114
9533,4124,1116,82.09677419354838
9533,9534,935,75.40106951871658
9534,9535,935,55.668449197860966
9535,9536,935,52.36363636363637
9536,9537,935,60.0
9537,1991,135,60.0
9537,8575,800,72.075
9538,8369,432,57.56944444444444
9539,9540,622,55.369774919614144
9540,8348,622,41.430868167202576
9545,9546,800,60.0
9546,9547,800,52.3125
9547,9548,800,50.1
9548,4988,800,47.5875
9549,9254,507,64.73372781065089
9551,4084,507,60.0
9551,9666,2960,37.79391891891892
9551,9683,432,93.19444444444444
9552,9553,432,47.916666666666664
9553,9557,432,74.86111111111111
9554,9555,432,58.263888888888886
9555,8636,432,120.0
9556,2288,432,47.986111111111114
9557,9558,432,52.56944444444444
9558,9576,432,57.56944444444444
9559,9556,432,58.263888888888886
9560,9562,321,41.495327102803735
9561,4691,330,40.63636363636363
9561,4902,2,60.0
9562,9564,337,51.00890207715133
9563,9561,332,38.58433734939759
9564,9620,1,240.0
9564,9866,336,60.0
9565,9494,332,40.39156626506024
9566,3543,392,60.0
9566,8425,383,60.0
9566,8439,2,120.0
9566,9598,4,840.0
9567,3463,388,244.63917525773195
9567,9598,2,60.0
9568,6758,526,63.99239543726236
9568,6759,439,63.55353075170843
9569,9247,384,57.890625
9570,9571,369,37.31707317073171
9571,3441,364,180.16483516483515
9571,9572,5,144.0
9572,8523,369,44.47154471544715
9573,9575,779,57.68934531450578
9574,3544,386,59.4559585492228
9574,9566,383,60.0
9574,9598,6,60.0
9575,3451,769,109.07672301690508
9575,3535,7,42.857142857142854
9575,9574,3,260.0
9576,9583,432,48.333333333333336
9577,9578,417,40.64748201438849
9578,4445,417,60.28776978417266
9579,2086,1,180.0
9580,9579,1,60.0
9581,9580,1,30.0
9582,8320,340,42.705882352941174
9583,9591,432,45.833333333333336
9584,9016,576,49.21875
9585,9586,392,54.566326530612244
9586,9587,392,31.989795918367346
9587,9588,392,58.01020408163265
9588,9589,392,34.66836734693877
9589,9590,392,60.0
9590,9389,392,57.32142857142857
9591,9596,432,44.166666666666664
9592,9593,7,60.0
9593,7999,1,180.0
9593,9594,6,60.0
9594,9397,6,60.0
9595,3976,1,180.0
9595,9612,390,60.0
9596,9538,432,60.0
9598,5474,1,1140.0
9598,6862,1,1200.0
9598,8840,2,1500.0
9598,9916,3,660.0
9599,2516,595,42.90756302521008
9599,9249,439,63.55353075170843
9600,9601,683,60.0
9601,9602,683,64.9194729136164
9602,9950,683,57.5402635431918
9603,2286,683,32.4597364568082
9604,4821,683,60.0
9606,5768,572,60.0
9608,9373,416,50.98557692307692
9609,8170,488,41.127049180327866
9609,9622,421,60.0
9610,6713,484,38.67768595041322
9612,9613,400,88.05
9613,3941,400,63.6
9614,2129,194,60.0
9614,9615,396,30.37878787878788
9615,6525,10,45.0
9615,9620,390,60.0
9616,3938,390,31.846153846153847
9616,9862,10,57.0
9617,2350,890,249.43820224719101
9618,4035,421,52.44655581947743
9619,3407,969,51.8266253869969
9620,9621,393,49.9236641221374
9621,3973,393,43.74045801526717
9622,4513,421,30.0
9623,9624,502,47.15139442231076
9624,9625,502,60.0
9625,9626,502,45.2390438247012
9626,9290,621,83.28502415458937
9626,9438,1,60.0
9626,9533,1437,66.7223382045929
9632,9633,3416,45.45667447306791
9633,1931,808,60.0
9633,8597,854,60.0
9633,8627,1276,60.0
9633,8636,478,60.0
9634,4089,502,60.0
9635,9636,502,48.58565737051793
9636,9637,502,41.41434262948207
9637,9638,502,56.11553784860558
9638,9693,502,60.0
9639,9949,371,59.919137466307276
9640,9641,371,59.919137466307276
9641,9384,371,60.0
9642,9651,553,60.0
9643,9651,553,120.0
9644,9647,800,68.4
9645,9651,502,120.0
9647,7265,800,60.0
9649,9650,810,60.0
9650,9644,810,60.0
9651,5794,553,48.87884267631103
9651,6255,553,37.05244122965642
9651,9655,1116,51.53225806451613
9653,9642,553,98.625678119349
9653,9643,553,90.27124773960217
9653,9645,502,74.22310756972112
9653,9848,621,82.31884057971014
9655,5600,542,60.0
9655,7538,614,132.01954397394138
9656,9657,614,44.46254071661238
9657,9533,2,360.0
9657,9658,614,45.53745928338762
9658,9659,614,60.0
9659,9660,614,54.86970684039088
9660,9661,614,35.13029315960912
9661,8369,614,58.534201954397396
9662,9663,432,50.97222222222222
9663,9511,432,39.02777777777778
9666,2893,2960,94.31756756756756
9667,3978,420,60.0
9668,4118,352,141.3068181818182
9671,2348,415,306.50602409638554
9671,5783,2,1140.0
9672,4450,417,53.9568345323741
9674,9675,490,120.0
9675,2292,156,60.0
9675,2293,490,60.0
9676,2292,556,40.57553956834533
9676,4668,478,60.0
9677,8712,550,57.32727272727273
9678,5764,531,321.5819209039548
9681,9682,741,44.65587044534413
9682,2401,369,120.0
9682,6760,372,60.0
9683,4088,432,43.40277777777778
9684,3402,371,119.83827493261455
9685,3855,371,119.83827493261455
9686,9688,741,57.935222672064775
9687,3769,411,119.7080291970803
9687,8370,369,120.0
9687,8374,377,158.19628647214853
9688,9681,741,50.688259109311744
9689,9687,1155,117.66233766233766
9692,9632,432,57.56944444444444
9693,7868,934,30.0
9695,5311,504,81.66666666666667
9696,4103,1456,79.45054945054945
9696,9697,417,69.35251798561151
9697,9698,417,42.23021582733813
9698,9699,903,39.00332225913621
9699,9700,903,53.15614617940199
9700,4201,486,60.0
9700,9701,418,48.803827751196174
9701,9702,418,53.4688995215311
9702,8347,418,41.196172248803826
9703,9704,418,44.856459330143544
9704,9344,1013,53.89930898321816
9705,9706,416,52.35576923076923
9705,9763,596,39.91610738255034
9706,9707,416,51.92307692307692
9707,9708,903,60.06644518272425
9708,9709,903,58.13953488372093
9709,9710,902,46.430155210643015
9709,9716,1,180.0
9710,9711,902,58.13747228381375
9711,4200,487,41.21149897330596
9711,9712,415,34.04819277108434
9712,9713,415,55.95180722891566
9713,4303,992,69.0725806451613
9713,8458,902,88.53658536585365
9714,9715,966,35.37267080745342
9715,9716,966,54.62732919254658
9716,9717,967,56.587383660806616
9717,9718,967,39.55532574974147
9718,9719,372,46.04838709677419
9718,9753,595,60.0
9719,9720,372,57.983870967741936
9720,9721,372,60.0
9721,9722,372,32.096774193548384
9722,9723,372,60.0
9723,9724,372,60.16129032258065
9724,9725,372,60.0
9725,9726,372,44.193548387096776
9726,9727,372,51.53225806451613
9727,4318,1,60.0
9727,8362,371,60.0
9728,9729,489,60.0
9729,3877,489,30.0
9730,2478,489,53.25153374233129
9732,9733,446,59.73094170403587
9733,9734,446,59.327354260089685
9734,9735,446,30.672645739910315
9735,9736,446,60.0
9736,9737,446,59.663677130044846
9737,8742,446,36.053811659192824
9738,9739,435,56.89655172413793
9739,9740,435,51.172413793103445
9740,9741,435,38.827586206896555
9741,9742,435,48.06896551724138
9742,9743,435,41.93103448275862
9743,9744,435,51.310344827586206
9744,9745,435,56.758620689655174
9745,8124,435,33.241379310344826
9746,3434,4,60.0
9746,9747,446,109.10313901345292
9746,9868,40,84.0
9747,9772,1029,36.47230320699708
9753,9754,595,54.45378151260504
9754,9755,595,60.0
9755,9704,595,30.0
9756,9757,595,57.47899159663866
9757,9758,595,42.403361344537814
9758,9759,595,52.78991596638655
9759,3386,595,44.26890756302521
9761,2943,595,65.04201680672269
9762,2942,439,571.8451025056947
9762,2955,595,666.453781512605
9763,9764,596,49.12751677852349
9764,9765,596,31.761744966442954
9765,9766,596,52.19798657718121
9766,4304,596,37.09731543624161
9768,8276,60,37.5
9770,8825,1,180.0
9771,9746,490,37.6530612244898
9771,9773,2,720.0
9772,2460,444,180.27027027027026
9772,8644,585,191.17948717948718
9773,3434,172,30.348837209302324
9773,9774,436,53.05045871559633
9773,9868,580,60.0
9774,9775,438,59.863013698630134
9775,9776,440,44.65909090909091
9776,9778,438,52.945205479452056
9777,5108,2,1020.0
9777,6626,1,900.0
9778,9779,438,59.52054794520548
9779,8443,438,59.863013698630134
9781,6747,2356,175.77249575551784
9782,9348,621,60.0
9783,2854,318,60.0
9783,7629,614,60.0
9792,5011,390,67.6923076923077
9802,3886,1901,131.36244082062072
9805,3391,646,179.3498452012384
9805,5058,843,82.27758007117438
9807,9808,1305,66.02298850574712
9808,9809,1305,142.89655172413794
9809,5063,659,153.32321699544764
9809,9810,646,122.60061919504643
9810,4352,646,180.0
9812,8823,765,49.09803921568628
9815,9816,655,124.12213740458016
9816,9817,1305,139.26436781609195
9817,9818,1305,69.19540229885058
9818,3390,1305,84.45977011494253
9820,8832,2063,61.308773630634995
9821,2653,572,107.93706293706293
9821,8653,655,179.63358778625954
9828,8038,762,380.15748031496065
9842,7987,459,60.0
9843,3943,418,120.0
9845,5039,395,60.0
9846,4562,553,42.09764918625678
9847,6954,554,48.14079422382672
9848,9651,614,60.0
9849,9850,204,58.8235294117647
9850,9851,204,59.26470588235294
9851,3938,191,30.157068062827225
9851,3939,13,60.0
9852,9853,412,55.26699029126213
9853,3511,10,114.0
9853,3524,400,67.125
9853,9854,2,60.0
9854,9855,2,60.0
9855,9856,2,30.0
9856,3520,2,60.0
9857,2650,410,58.609756097560975
9858,9859,2,30.0
9859,9860,2,60.0
9860,9861,2,60.0
9861,4647,2,120.0
9862,9863,10,60.0
9863,9864,10,33.0
9864,3868,4,30.0
9864,8850,10,144.0
9866,3618,320,38.90625
9866,3975,16,60.0
9868,9869,620,47.46774193548387
9869,9870,620,42.58064516129032
9870,4785,620,53.516129032258064
9872,9512,1053,54.643874643874646
9873,5497,41,60.0
9873,6984,386,65.44041450777202
9875,5850,398,60.0
9876,7164,379,120.0
9876,8573,175,284.57142857142856
9877,5850,392,60.0
9878,6267,278,60.0
9879,6267,544,60.0
9880,7630,442,60.0
9881,3835,302,46.98675496688742
9882,9881,302,60.0
9883,9882,302,43.01324503311258
9885,2153,447,60.0
9886,9888,454,37.66519823788546
9887,9885,447,60.0
9888,9890,454,52.46696035242291
9889,9887,447,60.0
9890,9891,454,59.93392070484582
9891,9894,454,50.02202643171806
9892,9889,447,55.30201342281879
9893,9892,447,47.4496644295302
9894,5179,2,600.0
9894,9898,455,59.934065934065934
9895,9893,447,60.0
9896,9396,2674,120.0
9897,6808,2356,180.0
9898,3818,455,39.75824175824176
9899,9895,447,60.0
9901,2081,2,720.0
9901,8357,4,37.5
9903,5013,550,93.81818181818181
9903,6613,888,55.16891891891892
9903,6629,769,41.85955786736021
9904,5205,12,680.0
9904,5221,10,660.0
9904,7013,1,120.0
9914,2399,120,60.0
9915,1901,478,330.87866108786613
9915,9674,490,123.06122448979592
9916,2034,3,2400.0
9916,5916,1,60.0
9916,8582,2,900.0
9916,8902,2,1200.0
9916,9566,4,1200.0
9918,2818,452,60.0
9920,1977,865,50.982658959537574
9921,5181,1133,168.72021182700794
9921,8652,186,99.6774193548387
9922,2437,10,180.0
9922,9138,20,120.0
9922,9500,948,106.9620253164557
9925,9926,559,60.0
9926,9927,559,45.456171735241504
9927,5764,559,393.91771019678
9931,2843,858,60.0
9931,3617,1,120.0
9931,3868,920,179.93478260869566
9932,3506,596,60.0
9932,3507,352,120.0
9932,3610,1255,52.135458167330675
9932,6459,190,60.0
9932,9359,2,30.0
9933,2432,572,120.0
9934,2657,596,214.93288590604027
9934,4910,5,480.0
9934,9489,164,81.95121951219512
9935,2469,616,101.49350649350649
9937,3874,919,89.83677910772579
9937,5775,10,120.0
9937,5776,25,158.4
9937,5855,2,60.0
9939,3553,5,300.0
9939,7633,968,107.23140495867769
9939,9922,10,360.0
9941,3876,572,125.24475524475524
9942,3508,596,176.9798657718121
9943,3875,572,60.0
9944,3890,596,41.72818791946309
9946,3937,386,34.27461139896373
9946,5920,1,60.0
9946,9931,2,60.0
9947,8366,415,52.04819277108434
9948,9577,417,60.0
9949,9640,371,30.0
9950,9603,683,60.0
9951,3706,2,45.0
9951,8822,375,60.0
9954,4574,350,60.0
9957,2491,398,57.28643216080402
9957,5086,287,231.42857142857142
9963,2019,20,180.0
9963,9937,10,300.0
9964,1902,353,62.54957507082153
9964,2865,348,107.93103448275862
9966,9980,40,33.0
9967,6844,2,60.0
9970,9982,90,100.0
9971,9970,90,35.0
9977,2377,5,240.0
9977,9984,40,39.75
9979,2377,130,56.53846153846154
9980,9979,130,59.07692307692308
9981,5063,858,60.0
9982,9980,90,35.0
9983,9966,40,60.0
9984,9983,40,57.0
9995,4000,1,60.0
9995,5478,1,60.0
9996,4977,858,138.53146853146853
9998,4548,2,30.0
112112,5709,2,1800.0
